id,release_date,movie,production_budget,domestic_gross,worldwide_gross,net_profit,ROI,release_year,clean_movie,clean_title,start_year,genres,primary_genre
2,2011-05-20,Pirates of the Caribbean: On Stranger Tides,410600000.0,241063875.0,1045663875.0,635063875.0,1.5466728567949342,2011,pirates of the caribbean on stranger tides,pirates of the caribbean on stranger tides,2011.0,"Action,Adventure,Fantasy",Action
3,2019-06-07,Dark Phoenix,350000000.0,42762350.0,149762350.0,-200237650.0,-0.5721075714285714,2019,dark phoenix,dark phoenix,2019.0,"Action,Adventure,Sci-Fi",Action
4,2015-05-01,Avengers: Age of Ultron,330600000.0,459005868.0,1403013963.0,1072413963.0,3.2438413883847548,2015,avengers age of ultron,avengers age of ultron,2015.0,"Action,Adventure,Sci-Fi",Action
7,2018-04-27,Avengers: Infinity War,300000000.0,678815482.0,2048134200.0,1748134200.0,5.827114,2018,avengers infinity war,avengers infinity war,2018.0,"Action,Adventure,Sci-Fi",Action
9,2017-11-17,Justice League,300000000.0,229024295.0,655945209.0,355945209.0,1.18648403,2017,justice league,justice league,2017.0,"Action,Adventure,Fantasy",Action
10,2015-11-06,Spectre,300000000.0,200074175.0,879620923.0,579620923.0,1.9320697433333334,2015,spectre,spectre,2015.0,"Action,Adventure,Thriller",Action
11,2012-07-20,The Dark Knight Rises,275000000.0,448139099.0,1084439099.0,809439099.0,2.9434149054545453,2012,the dark knight rises,the dark knight rises,2012.0,"Action,Thriller",Action
12,2018-05-25,Solo: A Star Wars Story,275000000.0,213767512.0,393151347.0,118151347.0,0.4296412618181818,2018,solo a star wars story,solo a star wars story,2018.0,"Action,Adventure,Fantasy",Action
13,2013-07-02,The Lone Ranger,275000000.0,89302115.0,260002115.0,-14997885.0,-0.05453776363636364,2013,the lone ranger,the lone ranger,2013.0,"Action,Adventure,Western",Action
14,2012-03-09,John Carter,275000000.0,73058679.0,282778100.0,7778100.0,0.028284,2012,john carter,john carter,2012.0,"Action,Adventure,Sci-Fi",Action
15,2010-11-24,Tangled,260000000.0,200821936.0,586477240.0,326477240.0,1.2556816923076923,2010,tangled,tangled,2010.0,"Adventure,Animation,Comedy",Adventure
17,2016-05-06,Captain America: Civil War,250000000.0,408084349.0,1140069413.0,890069413.0,3.560277652,2016,captain america civil war,captain america civil war,2016.0,"Action,Adventure,Sci-Fi",Action
18,2016-03-25,Batman v Superman: Dawn of Justice,250000000.0,330360194.0,867500281.0,617500281.0,2.470001124,2016,batman v superman dawn of justice,batman v superman dawn of justice,2016.0,"Action,Adventure,Fantasy",Action
19,2012-12-14,The Hobbit: An Unexpected Journey,250000000.0,303003568.0,1017003568.0,767003568.0,3.068014272,2012,the hobbit an unexpected journey,the hobbit an unexpected journey,2012.0,"Adventure,Family,Fantasy",Adventure
21,2013-12-13,The Hobbit: The Desolation of Smaug,250000000.0,258366855.0,960366855.0,710366855.0,2.84146742,2013,the hobbit the desolation of smaug,the hobbit the desolation of smaug,2013.0,"Adventure,Fantasy",Adventure
22,2014-12-17,The Hobbit: The Battle of the Five Armies,250000000.0,255119788.0,945577621.0,695577621.0,2.782310484,2014,the hobbit the battle of the five armies,the hobbit the battle of the five armies,2014.0,"Adventure,Fantasy",Adventure
23,2017-04-14,The Fate of the Furious,250000000.0,225764765.0,1234846267.0,984846267.0,3.939385068,2017,the fate of the furious,the fate of the furious,2017.0,"Action,Crime,Thriller",Action
25,2017-05-26,Pirates of the Caribbean: Dead Men Tell No Tales,230000000.0,172558876.0,788241137.0,558241137.0,2.4271353782608696,2017,pirates of the caribbean dead men tell no tales,pirates of the caribbean dead men tell no tales,2017.0,"Action,Adventure,Fantasy",Action
27,2012-05-04,The Avengers,225000000.0,623279547.0,1517935897.0,1292935897.0,5.746381764444444,2012,the avengers,the avengers,2012.0,"Action,Adventure,Sci-Fi",Action
29,2013-06-14,Man of Steel,225000000.0,291045518.0,667999518.0,442999518.0,1.9688867466666666,2013,man of steel,man of steel,2013.0,"Action,Adventure,Sci-Fi",Action
31,2012-07-03,The Amazing Spider-Man,220000000.0,262030663.0,757890267.0,537890267.0,2.444955759090909,2012,the amazing spider-man,the amazing spider-man,2012.0,"Action,Adventure,Sci-Fi",Action
32,2012-05-18,Battleship,220000000.0,65233400.0,313477717.0,93477717.0,0.4248987136363636,2012,battleship,battleship,2012.0,"Action,Adventure,Sci-Fi",Action
33,2017-06-21,Transformers: The Last Knight,217000000.0,130168683.0,602893340.0,385893340.0,1.7783103225806451,2017,transformers the last knight,transformers the last knight,2017.0,"Action,Adventure,Sci-Fi",Action
34,2015-06-12,Jurassic World,215000000.0,652270625.0,1648854864.0,1433854864.0,6.669092390697674,2015,jurassic world,jurassic world,2015.0,"Action,Adventure,Sci-Fi",Action
35,2012-05-25,Men in Black 3,215000000.0,179020854.0,654213485.0,439213485.0,2.042853418604651,2012,men in black 3,men in black 3,2012.0,"Action,Adventure,Comedy",Action
37,2014-06-27,Transformers: Age of Extinction,210000000.0,245439076.0,1104039076.0,894039076.0,4.2573289333333335,2014,transformers age of extinction,transformers age of extinction,2014.0,"Action,Adventure,Sci-Fi",Action
39,2010-05-14,Robin Hood,210000000.0,105487148.0,322459006.0,112459006.0,0.5355190761904762,2010,robin hood,robin hood,2010.0,"Action,Adventure,Drama",Action
42,2018-02-16,Black Panther,200000000.0,700059566.0,1348258224.0,1148258224.0,5.74129112,2018,black panther,black panther,2018.0,"Action,Adventure,Sci-Fi",Action
44,2018-06-15,Incredibles 2,200000000.0,608581744.0,1242520711.0,1042520711.0,5.212603555,2018,incredibles 2,incredibles 2,2018.0,"Action,Adventure,Animation",Action
45,2016-12-16,Rogue One: A Star Wars Story,200000000.0,532177324.0,1049102856.0,849102856.0,4.24551428,2016,rogue one a star wars story,rogue one a star wars story,2016.0,"Action,Adventure,Sci-Fi",Action
46,2016-06-17,Finding Dory,200000000.0,486295561.0,1021215193.0,821215193.0,4.106075965,2016,finding dory,finding dory,2016.0,"Adventure,Animation,Comedy",Adventure
47,2010-06-18,Toy Story 3,200000000.0,415004880.0,1068879522.0,868879522.0,4.34439761,2010,toy story 3,toy story 3,2010.0,"Adventure,Animation,Comedy",Adventure
48,2013-05-03,Iron Man 3,200000000.0,408992272.0,1215392272.0,1015392272.0,5.07696136,2013,iron man 3,iron man 3,2013.0,"Action,Adventure,Sci-Fi",Action
51,2010-03-05,Alice in Wonderland,200000000.0,334191110.0,1025491110.0,825491110.0,4.12745555,2010,alice in wonderland,alice in wonderland,2010.0,"Adventure,Family,Fantasy",Adventure
51,2010-03-05,Alice in Wonderland,200000000.0,334191110.0,1025491110.0,825491110.0,4.12745555,2010,alice in wonderland,alice in wonderland,2010.0,"Fantasy,Musical",Fantasy
52,2012-11-08,Skyfall,200000000.0,304360277.0,1110526981.0,910526981.0,4.552634905,2012,skyfall,skyfall,2012.0,"Action,Adventure,Thriller",Action
53,2013-06-21,Monsters University,200000000.0,268488329.0,743588329.0,543588329.0,2.717941645,2013,monsters university,monsters university,2013.0,"Adventure,Animation,Comedy",Adventure
54,2013-03-08,Oz the Great and Powerful,200000000.0,234770996.0,490359051.0,290359051.0,1.451795255,2013,oz the great and powerful,oz the great and powerful,2013.0,"Adventure,Family,Fantasy",Adventure
55,2014-05-23,X-Men: Days of Future Past,200000000.0,233921534.0,747862775.0,547862775.0,2.739313875,2014,x-men days of future past,x-men days of future past,2014.0,"Action,Adventure,Sci-Fi",Action
56,2014-05-02,The Amazing Spider-Man 2,200000000.0,202853933.0,708996336.0,508996336.0,2.54498168,2014,the amazing spider-man 2,the amazing spider-man 2,2014.0,"Action,Adventure,Sci-Fi",Action
57,2011-06-24,Cars 2,200000000.0,191450875.0,560155383.0,360155383.0,1.800776915,2011,cars 2,cars 2,2011.0,"Adventure,Animation,Comedy",Adventure
58,2010-12-17,Tron: Legacy,200000000.0,172062763.0,400062763.0,200062763.0,1.000313815,2010,tron legacy,tron legacy,2010.0,"Action,Adventure,Fantasy",Action
60,2018-11-16,Fantastic Beasts: The Crimes of Grindelwald,200000000.0,159555901.0,652220086.0,452220086.0,2.26110043,2018,fantastic beasts the crimes of grindelwald,fantastic beasts the crimes of grindelwald,2018.0,"Adventure,Family,Fantasy",Adventure
62,2011-06-17,Green Lantern,200000000.0,116601172.0,219535492.0,19535492.0,0.09767746,2011,green lantern,green lantern,2011.0,"Action,Adventure,Sci-Fi",Action
64,2011-06-29,Transformers: Dark of the Moon,195000000.0,352390543.0,1123790543.0,928790543.0,4.763028425641026,2011,transformers dark of the moon,transformers dark of the moon,2011.0,"Action,Adventure,Sci-Fi",Action
65,2017-06-09,The Mummy,195000000.0,80101125.0,409953905.0,214953905.0,1.1023277179487179,2017,the mummy,the mummy,2017.0,"Action,Adventure,Fantasy",Action
66,2013-03-01,Jack the Giant Slayer,195000000.0,65187603.0,197687603.0,2687603.0,0.013782579487179487,2013,jack the giant slayer,jack the giant slayer,2013.0,"Adventure,Fantasy",Adventure
67,2015-04-03,Furious 7,190000000.0,353007020.0,1518722794.0,1328722794.0,6.9932778631578945,2015,furious 7,furious 7,2015.0,"Action,Crime,Thriller",Action
68,2013-05-16,Star Trek Into Darkness,190000000.0,228778661.0,467381584.0,277381584.0,1.4599030736842105,2013,star trek into darkness,star trek into darkness,2013.0,"Action,Adventure,Sci-Fi",Action
69,2013-06-21,World War Z,190000000.0,202359711.0,531514650.0,341514650.0,1.7974455263157896,2013,world war z,world war z,2013.0,"Action,Adventure,Horror",Action
70,2013-05-10,The Great Gatsby,190000000.0,144840419.0,351040419.0,161040419.0,0.847581152631579,2013,the great gatsby,the great gatsby,2013.0,"Drama,Romance",Drama
72,2013-07-12,Pacific Rim,190000000.0,101802906.0,411002906.0,221002906.0,1.1631731894736843,2013,pacific rim,pacific rim,2013.0,"Action,Adventure,Sci-Fi",Action
73,2015-11-25,The Good Dinosaur,187500000.0,123087120.0,333771037.0,146271037.0,0.7801121973333334,2015,the good dinosaur,the good dinosaur,2015.0,"Adventure,Animation,Comedy",Adventure
77,2012-06-22,Brave,185000000.0,237282182.0,554606532.0,369606532.0,1.997873145945946,2012,brave,brave,2012.0,"Adventure,Animation,Comedy",Adventure
78,2017-03-10,Kong: Skull Island,185000000.0,168052812.0,561072059.0,376072059.0,2.0328219405405403,2017,kong skull island,kong skull island,2017.0,"Action,Adventure,Fantasy",Action
79,2016-07-22,Star Trek Beyond,185000000.0,158848340.0,335802233.0,150802233.0,0.8151472054054054,2016,star trek beyond,star trek beyond,2016.0,"Action,Adventure,Sci-Fi",Action
80,2017-10-06,Blade Runner 2049,185000000.0,92054159.0,259357408.0,74357408.0,0.40193193513513514,2017,blade runner 2049,blade runner 2049,2017.0,"Drama,Mystery,Sci-Fi",Drama
81,2019-05-24,Aladdin,182000000.0,246734314.0,619234314.0,437234314.0,2.4023863406593406,2019,aladdin,aladdin,2019.0,"Adventure,Comedy,Family",Adventure
82,2017-11-03,Thor: Ragnarok,180000000.0,315058289.0,846980024.0,666980024.0,3.7054445777777776,2017,thor ragnarok,thor ragnarok,2017.0,"Action,Adventure,Comedy",Action
84,2014-05-30,Maleficent,180000000.0,241407328.0,758536735.0,578536735.0,3.2140929722222222,2014,maleficent,maleficent,2014.0,"Action,Adventure,Family",Action
85,2016-11-18,Fantastic Beasts and Where to Find Them,180000000.0,234037575.0,802402853.0,622402853.0,3.457793627777778,2016,fantastic beasts and where to find them,fantastic beasts and where to find them,2016.0,"Adventure,Family,Fantasy",Adventure
88,2016-07-01,The Legend of Tarzan,180000000.0,126643061.0,348902025.0,168902025.0,0.9383445833333334,2016,the legend of tarzan,the legend of tarzan,2016.0,"Action,Adventure,Drama",Action
89,2011-11-23,Hugo,180000000.0,73864507.0,180047784.0,47784.0,0.00026546666666666665,2011,hugo,hugo,2011.0,"Adventure,Drama,Family",Adventure
90,2017-07-21,Valerian and the City of a Thousand Planets,180000000.0,40479370.0,215098356.0,35098356.0,0.19499086666666668,2017,valerian and the city of a thousand planets,valerian and the city of a thousand planets,2017.0,"Action,Adventure,Fantasy",Action
91,2015-02-06,Jupiter Ascending,179000000.0,47482519.0,181982519.0,2982519.0,0.016662117318435754,2015,jupiter ascending,jupiter ascending,2015.0,"Action,Adventure,Sci-Fi",Action
93,2016-05-27,X-Men: Apocalypse,178000000.0,155442489.0,542537546.0,364537546.0,2.047963741573034,2016,x-men apocalypse,x-men apocalypse,2016.0,"Action,Adventure,Sci-Fi",Action
94,2018-08-10,The Meg,178000000.0,145443742.0,529530715.0,351530715.0,1.9748916573033708,2018,the meg,the meg,2018.0,"Action,Horror,Sci-Fi",Action
95,2014-06-06,Edge of Tomorrow,178000000.0,100206256.0,370541256.0,192541256.0,1.0816924494382023,2014,edge of tomorrow,edge of tomorrow,2014.0,"Action,Sci-Fi",Action
96,2019-03-08,Captain Marvel,175000000.0,426525952.0,1123061550.0,948061550.0,5.417494571428572,2019,captain marvel,captain marvel,2019.0,"Action,Adventure,Sci-Fi",Action
97,2016-04-15,The Jungle Book,175000000.0,364001123.0,962854547.0,787854547.0,4.502025982857143,2016,the jungle book,the jungle book,2016.0,"Adventure,Drama,Family",Adventure
98,2015-06-19,Inside Out,175000000.0,356461711.0,854235992.0,679235992.0,3.881348525714286,2015,inside out,inside out,2015.0,"Adventure,Animation,Comedy",Adventure
99,2017-07-07,Spider-Man: Homecoming,175000000.0,334201140.0,880166350.0,705166350.0,4.029522,2017,spider-man homecoming,spider-man homecoming,2017.0,"Action,Adventure,Sci-Fi",Action
100,2016-08-05,Suicide Squad,175000000.0,325100054.0,746059887.0,571059887.0,3.2631993542857143,2016,suicide squad,suicide squad,2016.0,"Action,Adventure,Fantasy",Action
2,2017-11-22,Coco,175000000.0,209726015.0,798008101.0,623008101.0,3.5600462914285713,2017,coco,coco,2017.0,"Adventure,Animation,Comedy",Adventure
2,2017-11-22,Coco,175000000.0,209726015.0,798008101.0,623008101.0,3.5600462914285713,2017,coco,coco,2017.0,Horror,Horror
3,2018-11-21,Ralph Breaks The Internet,175000000.0,201091711.0,524283695.0,349283695.0,1.9959068285714285,2018,ralph breaks the internet,ralph breaks the internet,2018.0,"Adventure,Animation,Comedy",Adventure
5,2017-06-16,Cars 3,175000000.0,152901115.0,383541369.0,208541369.0,1.1916649657142857,2017,cars 3,cars 3,2017.0,"Adventure,Animation,Comedy",Adventure
11,2017-05-12,King Arthur: Legend of the Sword,175000000.0,39175066.0,139630336.0,-35369664.0,-0.2021123657142857,2017,king arthur legend of the sword,king arthur legend of the sword,2017.0,"Action,Adventure,Drama",Action
12,2013-12-25,47 Ronin,175000000.0,38362475.0,151716815.0,-23283185.0,-0.13304677142857144,2013,47 ronin,47 ronin,2013.0,"Action,Adventure,Drama",Action
13,2018-06-22,Jurassic World: Fallen Kingdom,170000000.0,417719760.0,1305772799.0,1135772799.0,6.681016464705882,2018,jurassic world fallen kingdom,jurassic world fallen kingdom,2018.0,"Action,Adventure,Sci-Fi",Action
14,2014-08-01,Guardians of the Galaxy,170000000.0,333172112.0,770867516.0,600867516.0,3.5345148,2014,guardians of the galaxy,guardians of the galaxy,2014.0,"Action,Adventure,Comedy",Action
15,2010-05-07,Iron Man 2,170000000.0,312433331.0,621156389.0,451156389.0,2.653861111764706,2010,iron man 2,iron man 2,2010.0,"Action,Adventure,Sci-Fi",Action
16,2014-04-04,Captain America: The Winter Soldier,170000000.0,259746958.0,714401889.0,544401889.0,3.2023640529411765,2014,captain america the winter soldier,captain america the winter soldier,2014.0,"Action,Adventure,Sci-Fi",Action
17,2014-07-11,Dawn of the Planet of the Apes,170000000.0,208545589.0,710644566.0,540644566.0,3.1802621529411765,2014,dawn of the planet of the apes,dawn of the planet of the apes,2014.0,"Action,Adventure,Drama",Action
19,2012-06-01,Snow White and the Huntsman,170000000.0,155136755.0,401021746.0,231021746.0,1.3589514470588235,2012,snow white and the huntsman,snow white and the huntsman,2012.0,"Action,Adventure,Drama",Action
22,2019-03-29,Dumbo,170000000.0,113883318.0,345004422.0,175004422.0,1.0294377764705882,2019,dumbo,dumbo,2019.0,"Adventure,Family,Fantasy",Adventure
23,2015-05-22,Tomorrowland,170000000.0,93436322.0,206627518.0,36627518.0,0.2154559882352941,2015,tomorrowland,tomorrowland,2015.0,"Action,Adventure,Family",Action
24,2019-02-14,Alita: Battle Angel,170000000.0,85710210.0,402976036.0,232976036.0,1.3704472705882353,2019,alita battle angel,alita battle angel,2019.0,"Action,Adventure,Sci-Fi",Action
25,2019-05-31,Godzilla: King of the Monsters,170000000.0,85576941.0,299276941.0,129276941.0,0.7604525941176471,2019,godzilla king of the monsters,godzilla king of the monsters,2019.0,"Action,Adventure,Fantasy",Action
26,2016-05-27,Alice Through the Looking Glass,170000000.0,77042381.0,276928112.0,106928112.0,0.628988894117647,2016,alice through the looking glass,alice through the looking glass,2016.0,"Adventure,Family,Fantasy",Adventure
27,2010-05-21,Shrek Forever After,165000000.0,238736787.0,756244673.0,591244673.0,3.5833010484848486,2010,shrek forever after,shrek forever after,2010.0,"Adventure,Animation,Comedy",Adventure
28,2016-11-04,Doctor Strange,165000000.0,232641920.0,676404566.0,511404566.0,3.099421612121212,2016,doctor strange,doctor strange,2016.0,"Action,Adventure,Fantasy",Action
29,2014-11-07,Big Hero 6,165000000.0,222527828.0,652127828.0,487127828.0,2.952289866666667,2014,big hero 6,big hero 6,2014.0,"Action,Adventure,Animation",Action
30,2010-03-26,How to Train Your Dragon,165000000.0,217581232.0,494870992.0,329870992.0,1.9992181333333334,2010,how to train your dragon,how to train your dragon,2010.0,"Action,Adventure,Animation",Action
31,2012-11-02,Wreck-It Ralph,165000000.0,189412677.0,496511521.0,331511521.0,2.0091607333333332,2012,wreck-it ralph,wreck-it ralph,2012.0,"Adventure,Animation,Comedy",Adventure
32,2014-11-05,Interstellar,165000000.0,188017894.0,666379375.0,501379375.0,3.038662878787879,2014,interstellar,interstellar,2014.0,"Adventure,Drama,Sci-Fi",Adventure
33,2016-06-24,Independence Day: Resurgence,165000000.0,103144286.0,384169424.0,219169424.0,1.3282995393939394,2016,independence day resurgence,independence day resurgence,2016.0,"Action,Adventure,Sci-Fi",Action
35,2017-03-17,Beauty and the Beast,160000000.0,504014165.0,1259199706.0,1099199706.0,6.8699981625,2017,beauty and the beast,beauty and the beast,2017.0,"Family,Fantasy,Musical",Family
36,2018-12-21,Aquaman,160000000.0,335061807.0,1146894640.0,986894640.0,6.1680915,2018,aquaman,aquaman,2018.0,"Action,Adventure,Fantasy",Action
38,2010-07-16,Inception,160000000.0,292576195.0,835524642.0,675524642.0,4.2220290125,2010,inception,inception,2010.0,"Action,Adventure,Sci-Fi",Action
39,2015-11-20,The Hunger Games: Mockingjay - Part 2,160000000.0,281723902.0,648986787.0,488986787.0,3.05616741875,2015,the hunger games mockingjay - part 2,the hunger games mockingjay - part 2,2015.0,"Action,Adventure,Sci-Fi",Action
41,2014-05-16,Godzilla,160000000.0,200676069.0,529076069.0,369076069.0,2.30672543125,2014,godzilla,godzilla,2014.0,"Action,Adventure,Sci-Fi",Action
42,2011-06-03,X-Men: First Class,160000000.0,146408305.0,355408305.0,195408305.0,1.22130190625,2011,x-men first class,x-men first class,2011.0,"Action,Adventure,Sci-Fi",Action
44,2010-07-14,The Sorcerer's Apprentice,160000000.0,63150991.0,217986320.0,57986320.0,0.3624145,2010,the sorcerer's apprentice,the sorcerer's apprentice,2010.0,"Action,Adventure,Family",Action
46,2016-06-10,Warcraft,160000000.0,47225655.0,425522281.0,265522281.0,1.65951425625,2016,warcraft,warcraft,2016.0,"Action,Adventure,Fantasy",Action
47,2016-09-30,Deepwater Horizon,156000000.0,61433527.0,122603824.0,-33396176.0,-0.2140780512820513,2016,deepwater horizon,deepwater horizon,2016.0,"Action,Drama,History",Action
48,2010-12-10,The Chronicles of Narnia: The Voyage of the Dawn Treader,155000000.0,104386950.0,418186950.0,263186950.0,1.6979803225806451,2010,the chronicles of narnia the voyage of the dawn treader,the chronicles of narnia the voyage of the dawn treader,2010.0,"Adventure,Family,Fantasy",Adventure
49,2015-07-01,Terminator: Genisys,155000000.0,89760956.0,432150894.0,277150894.0,1.7880702838709677,2015,terminator genisys,terminator genisys,2015.0,"Action,Adventure,Sci-Fi",Action
50,2018-03-23,Pacific Rim: Uprising,155000000.0,59874525.0,290930148.0,135930148.0,0.8769686967741935,2018,pacific rim uprising,pacific rim uprising,2018.0,"Action,Adventure,Sci-Fi",Action
52,2017-07-14,War for the Planet of the Apes,152000000.0,146880162.0,489592267.0,337592267.0,2.2210017565789473,2017,war for the planet of the apes,war for the planet of the apes,2017.0,"Action,Adventure,Drama",Action
55,2017-06-02,Wonder Woman,150000000.0,412563408.0,821133378.0,671133378.0,4.47422252,2017,wonder woman,wonder woman,2017.0,"Action,Adventure,Fantasy",Action
56,2013-11-22,Frozen,150000000.0,400738009.0,1272469910.0,1122469910.0,7.483132733333333,2013,frozen,frozen,2013.0,"Adventure,Animation,Comedy",Adventure
57,2016-03-04,Zootopia,150000000.0,341268248.0,1019429616.0,869429616.0,5.79619744,2016,zootopia,zootopia,2016.0,"Adventure,Animation,Comedy",Adventure
62,2016-11-23,Moana,150000000.0,248757044.0,637517365.0,487517365.0,3.2501157666666667,2016,moana,moana,2016.0,"Adventure,Animation,Comedy",Adventure
66,2013-11-08,Thor: The Dark World,150000000.0,206362140.0,644602516.0,494602516.0,3.297350106666667,2013,thor the dark world,thor the dark world,2013.0,"Action,Adventure,Fantasy",Action
69,2017-07-21,Dunkirk,150000000.0,190068280.0,499837368.0,349837368.0,2.33224912,2017,dunkirk,dunkirk,2017.0,"Action,Drama,History",Action
70,2011-05-06,Thor,150000000.0,181030624.0,449326618.0,299326618.0,1.9955107866666666,2011,thor,thor,2011.0,"Action,Adventure,Fantasy",Action
74,2011-05-26,Kung Fu Panda 2,150000000.0,165249063.0,664837547.0,514837547.0,3.4322503133333333,2011,kung fu panda 2,kung fu panda 2,2011.0,"Action,Adventure,Animation",Action
75,2015-05-15,Mad Max: Fury Road,150000000.0,153636354.0,370098020.0,220098020.0,1.4673201333333334,2015,mad max fury road,mad max fury road,2015.0,"Action,Adventure,Sci-Fi",Action
78,2018-03-29,Ready Player One,150000000.0,137690172.0,579290136.0,429290136.0,2.86193424,2018,ready player one,ready player one,2018.0,"Action,Adventure,Sci-Fi",Action
83,2010-07-01,The Last Airbender,150000000.0,131772187.0,319713881.0,169713881.0,1.1314258733333333,2010,the last airbender,the last airbender,2010.0,"Action,Adventure,Family",Action
87,2012-03-30,Wrath of the Titans,150000000.0,83670083.0,305270083.0,155270083.0,1.0351338866666666,2012,wrath of the titans,wrath of the titans,2012.0,"Action,Adventure,Fantasy",Action
89,2012-05-11,Dark Shadows,150000000.0,79727149.0,238202668.0,88202668.0,0.5880177866666667,2012,dark shadows,dark shadows,2012.0,"Comedy,Fantasy,Horror",Comedy
90,2013-06-28,White House Down,150000000.0,73103784.0,205440387.0,55440387.0,0.36960258,2013,white house down,white house down,2013.0,"Action,Drama,Thriller",Action
91,2010-02-12,The Wolfman,150000000.0,62189884.0,142634358.0,-7365642.0,-0.04910428,2010,the wolfman,the wolfman,2010.0,"Drama,Fantasy,Horror",Drama
92,2017-02-17,The Great Wall,150000000.0,45157105.0,334486852.0,184486852.0,1.2299123466666666,2017,the great wall,the great wall,2017.0,Documentary,Documentary
93,2015-10-09,Pan,150000000.0,35088320.0,151525973.0,1525973.0,0.010173153333333334,2015,pan,pan,2015.0,"Adventure,Comedy,Family",Adventure
94,2011-03-11,Mars Needs Moms,150000000.0,21392758.0,39549758.0,-110450242.0,-0.7363349466666667,2011,mars needs moms,mars needs moms,2011.0,"Adventure,Animation,Family",Adventure
97,2012-06-08,Madagascar 3: Europe's Most Wanted,145000000.0,216391482.0,746921271.0,601921271.0,4.151181179310345,2012,madagascar 3 europe's most wanted,madagascar 3 europe's most wanted,2012.0,"Adventure,Animation,Comedy",Adventure
99,2014-06-13,How to Train Your Dragon 2,145000000.0,177002924.0,614586270.0,469586270.0,3.238526,2014,how to train your dragon 2,how to train your dragon 2,2014.0,"Action,Adventure,Animation",Action
1,2014-03-07,Mr. Peabody & Sherman,145000000.0,111506430.0,269806430.0,124806430.0,0.860734,2014,mr. peabody & sherman,mr. peabody & sherman,2014.0,"Adventure,Animation,Comedy",Adventure
2,2012-11-21,Rise of the Guardians,145000000.0,103412758.0,306900902.0,161900902.0,1.1165579448275862,2012,rise of the guardians,rise of the guardians,2012.0,"Action,Adventure,Animation",Action
4,2016-07-15,Ghostbusters,144000000.0,128350574.0,229008658.0,85008658.0,0.5903379027777778,2016,ghostbusters,ghostbusters,2016.0,"Action,Comedy,Fantasy",Action
10,2011-07-22,Captain America: The First Avenger,140000000.0,176654505.0,370569776.0,230569776.0,1.6469269714285715,2011,captain america the first avenger,captain america the first avenger,2011.0,"Action,Adventure,Sci-Fi",Action
11,2016-01-29,Kung Fu Panda 3,140000000.0,143528619.0,517599142.0,377599142.0,2.6971367285714285,2016,kung fu panda 3,kung fu panda 3,2016.0,"Action,Adventure,Animation",Action
13,2013-03-27,G.I. Joe: Retaliation,140000000.0,122523060.0,375740705.0,235740705.0,1.6838621785714285,2013,g.i. joe retaliation,g.i. joe retaliation,2013.0,"Action,Adventure,Sci-Fi",Action
16,2014-12-12,Exodus: Gods and Kings,140000000.0,65014513.0,268314513.0,128314513.0,0.9165322357142857,2014,exodus gods and kings,exodus gods and kings,2014.0,"Action,Adventure,Drama",Action
17,2016-07-01,The BFG,140000000.0,55483770.0,199646680.0,59646680.0,0.4260477142857143,2016,the bfg,the bfg,2016.0,"Adventure,Family,Fantasy",Adventure
18,2016-02-26,Gods of Egypt,140000000.0,31153464.0,138836756.0,-1163244.0,-0.008308885714285714,2016,gods of egypt,gods of egypt,2016.0,"Action,Adventure,Fantasy",Action
26,2013-03-22,The Croods,135000000.0,187168425.0,573068425.0,438068425.0,3.2449512962962963,2013,the croods,the croods,2013.0,"Action,Adventure,Animation",Action
27,2015-12-25,The Revenant,135000000.0,183637894.0,532938302.0,397938302.0,2.947691125925926,2015,the revenant,the revenant,2015.0,"Action,Adventure,Biography",Action
29,2011-03-04,Rango,135000000.0,123477607.0,245724600.0,110724600.0,0.8201822222222223,2011,rango,rango,2011.0,"Adventure,Animation,Comedy",Adventure
31,2013-07-17,Turbo,135000000.0,83028130.0,286896578.0,151896578.0,1.125159837037037,2013,turbo,turbo,2013.0,"Adventure,Animation,Comedy",Adventure
32,2016-06-03,Teenage Mutant Ninja Turtles: Out of the Shadows,135000000.0,82051601.0,245328374.0,110328374.0,0.8172472148148148,2016,teenage mutant ninja turtles out of the shadows,teenage mutant ninja turtles out of the shadows,2016.0,"Action,Adventure,Comedy",Action
33,2011-11-18,Happy Feet Two,135000000.0,64006466.0,157956466.0,22956466.0,0.1700478962962963,2011,happy feet two,happy feet two,2011.0,"Adventure,Animation,Comedy",Adventure
35,2018-11-02,The Nutcracker and the Four Realms,132900000.0,54858851.0,170293899.0,37393899.0,0.281368690744921,2018,the nutcracker and the four realms,the nutcracker and the four realms,2018.0,"Adventure,Family,Fantasy",Adventure
37,2014-11-26,Penguins of Madagascar,132000000.0,83350911.0,366942531.0,234942531.0,1.779867659090909,2014,penguins of madagascar,penguins of madagascar,2014.0,"Adventure,Animation,Comedy",Adventure
38,2013-11-22,The Hunger Games: Catching Fire,130000000.0,424668047.0,864868047.0,734868047.0,5.652831130769231,2013,the hunger games catching fire,the hunger games catching fire,2013.0,"Action,Adventure,Sci-Fi",Action
41,2018-07-06,Ant-Man and the Wasp,130000000.0,216648740.0,623144660.0,493144660.0,3.7934204615384615,2018,ant-man and the wasp,ant-man and the wasp,2018.0,"Action,Adventure,Comedy",Action
43,2015-07-17,Ant-Man,130000000.0,180202163.0,518858449.0,388858449.0,2.9912188384615384,2015,ant-man,ant-man,2015.0,"Action,Adventure,Comedy",Action
44,2015-03-27,Home,130000000.0,177397510.0,385997896.0,255997896.0,1.9692145846153846,2015,home,home,2015.0,"Adventure,Animation,Comedy",Adventure
44,2015-03-27,Home,130000000.0,177397510.0,385997896.0,255997896.0,1.9692145846153846,2015,home,home,2015.0,Documentary,Documentary
44,2015-03-27,Home,130000000.0,177397510.0,385997896.0,255997896.0,1.9692145846153846,2015,home,home,2015.0,Drama,Drama
44,2015-03-27,Home,130000000.0,177397510.0,385997896.0,255997896.0,1.9692145846153846,2015,home,home,2015.0,Documentary,Documentary
45,2018-12-19,Mary Poppins Returns,130000000.0,171958438.0,341528518.0,211528518.0,1.6271424461538462,2018,mary poppins returns,mary poppins returns,2018.0,"Comedy,Family,Fantasy",Comedy
46,2011-10-28,Puss in Boots,130000000.0,149260504.0,554987477.0,424987477.0,3.2691344384615384,2011,puss in boots,puss in boots,2011.0,"Action,Adventure,Animation",Action
47,2010-11-05,Megamind,130000000.0,148415853.0,321887208.0,191887208.0,1.4760554461538462,2010,megamind,megamind,2010.0,"Action,Animation,Comedy",Action
49,2014-04-11,Rio 2,130000000.0,131538435.0,492846291.0,362846291.0,2.7911253153846154,2014,rio 2,rio 2,2014.0,"Adventure,Animation,Comedy",Adventure
50,2010-07-23,Salt,130000000.0,118311368.0,290650494.0,160650494.0,1.2357730307692307,2010,salt,salt,2010.0,"Action,Mystery,Thriller",Action
51,2014-03-28,Noah,130000000.0,101200044.0,352831065.0,222831065.0,1.7140851153846153,2014,noah,noah,2014.0,"Action,Adventure,Drama",Action
52,2011-12-21,The Adventures of Tintin,130000000.0,77591831.0,373993951.0,243993951.0,1.8768765461538461,2011,the adventures of tintin,the adventures of tintin,2011.0,"Action,Adventure,Animation",Action
53,2013-05-31,After Earth,130000000.0,60522097.0,251499665.0,121499665.0,0.9346128076923077,2013,after earth,after earth,2013.0,"Action,Adventure,Drama",Action
55,2013-07-19,R.I.P.D.,130000000.0,33618855.0,79076678.0,-50923322.0,-0.39171786153846155,2013,r.i.p.d.,r.i.p.d.,2013.0,"Action,Adventure,Comedy",Action
56,2019-02-22,How to Train Your Dragon: The Hidden World,129000000.0,160791800.0,519258283.0,390258283.0,3.025258007751938,2019,how to train your dragon the hidden world,how to train your dragon the hidden world,2019.0,"Action,Adventure,Animation",Action
59,2017-03-03,Logan,127000000.0,226277068.0,615461394.0,488461394.0,3.846152708661417,2017,logan,logan,2017.0,"Action,Drama,Sci-Fi",Action
60,2014-12-19,Night at the Museum: Secret of the Tomb,127000000.0,113746621.0,353756621.0,226756621.0,1.7854852047244094,2014,night at the museum secret of the tomb,night at the museum secret of the tomb,2014.0,"Adventure,Comedy,Family",Adventure
62,2014-11-21,The Hunger Games: Mockingjay - Part 1,125000000.0,337135885.0,766575131.0,641575131.0,5.132601048,2014,the hunger games mockingjay - part 1,the hunger games mockingjay - part 1,2014.0,"Action,Adventure,Sci-Fi",Action
67,2011-04-29,Fast Five,125000000.0,210031325.0,630163454.0,505163454.0,4.041307632,2011,fast five,fast five,2011.0,"Action,Crime,Thriller",Action
68,2014-08-08,Teenage Mutant Ninja Turtles,125000000.0,191204754.0,485004754.0,360004754.0,2.880038032,2014,teenage mutant ninja turtles,teenage mutant ninja turtles,2014.0,"Action,Adventure,Comedy",Action
69,2011-12-16,Sherlock Holmes: A Game of Shadows,125000000.0,186848418.0,535663443.0,410663443.0,3.285307544,2011,sherlock holmes a game of shadows,sherlock holmes a game of shadows,2011.0,"Action,Adventure,Crime",Action
71,2017-03-31,The Boss Baby,125000000.0,175003033.0,510878762.0,385878762.0,3.087030096,2017,the boss baby,the boss baby,2017.0,"Adventure,Animation,Comedy",Adventure
72,2010-04-01,Clash of the Titans,125000000.0,163214888.0,493214888.0,368214888.0,2.945719104,2010,clash of the titans,clash of the titans,2010.0,"Action,Adventure,Fantasy",Action
73,2016-11-04,Trolls,125000000.0,153707064.0,344150134.0,219150134.0,1.753201072,2016,trolls,trolls,2016.0,"Adventure,Animation,Comedy",Adventure
75,2012-06-08,Prometheus,125000000.0,126477084.0,402448265.0,277448265.0,2.21958612,2012,prometheus,prometheus,2012.0,"Adventure,Mystery,Sci-Fi",Adventure
76,2012-08-10,The Bourne Legacy,125000000.0,113203870.0,280355920.0,155355920.0,1.24284736,2012,the bourne legacy,the bourne legacy,2012.0,"Action,Adventure,Thriller",Action
78,2018-07-13,Skyscraper,125000000.0,68420120.0,304115534.0,179115534.0,1.432924272,2018,skyscraper,skyscraper,2018.0,"Action,Adventure,Thriller",Action
79,2012-08-03,Total Recall,125000000.0,58877969.0,211856088.0,86856088.0,0.694848704,2012,total recall,total recall,2012.0,"Action,Adventure,Mystery",Action
86,2016-07-29,Jason Bourne,120000000.0,162192920.0,416168316.0,296168316.0,2.4680693,2016,jason bourne,jason bourne,2016.0,"Action,Thriller",Action
88,2012-11-21,Life of Pi,120000000.0,124987022.0,620912003.0,500912003.0,4.174266691666666,2012,life of pi,life of pi,2012.0,"Adventure,Drama,Fantasy",Adventure
90,2018-04-13,Rampage,120000000.0,101028233.0,428056280.0,308056280.0,2.5671356666666667,2018,rampage,rampage,2018.0,"Action,Adventure,Sci-Fi",Action
92,2013-08-09,Elysium,120000000.0,93050117.0,286192091.0,166192091.0,1.3849340916666666,2013,elysium,elysium,2013.0,"Action,Drama,Sci-Fi",Action
93,2013-04-19,Oblivion,120000000.0,89107235.0,287916633.0,167916633.0,1.399305275,2013,oblivion,oblivion,2013.0,"Action,Adventure,Sci-Fi",Action
94,2017-03-24,Power Rangers,120000000.0,85364450.0,142531552.0,22531552.0,0.18776293333333333,2017,power rangers,power rangers,2017.0,"Action,Adventure,Sci-Fi",Action
96,2014-02-12,RoboCop,120000000.0,58607007.0,242981799.0,122981799.0,1.024848325,2014,robocop,robocop,2014.0,"Action,Crime,Sci-Fi",Action
98,2015-08-07,Fantastic Four,120000000.0,56117548.0,167849187.0,47849187.0,0.398743225,2015,fantastic four,fantastic four,2015.0,"Action,Adventure,Drama",Action
2,2010-06-23,Knight and Day,117000000.0,76423035.0,258751370.0,141751370.0,1.211550170940171,2010,knight and day,knight and day,2010.0,"Action,Adventure,Comedy",Action
3,2018-10-05,Venom,116000000.0,213511408.0,853628605.0,737628605.0,6.358867284482758,2018,venom,venom,2018.0,"Action,Sci-Fi,Thriller",Action
8,2013-07-26,The Wolverine,115000000.0,132556852.0,416456852.0,301456852.0,2.6213639304347827,2013,the wolverine,the wolverine,2013.0,"Action,Adventure,Sci-Fi",Action
13,2010-12-25,Gulliver's Travels,112000000.0,42779261.0,232017848.0,120017848.0,1.0715879285714285,2010,gulliver's travels,gulliver's travels,2010.0,"Adventure,Comedy,Family",Adventure
14,2017-12-15,Ferdinand,111000000.0,84410380.0,289847930.0,178847930.0,1.6112426126126127,2017,ferdinand,ferdinand,2017.0,"Adventure,Animation,Comedy",Adventure
15,2018-05-18,Deadpool 2,110000000.0,324591735.0,786680557.0,676680557.0,6.151641427272727,2018,deadpool 2,deadpool 2,2018.0,"Action,Adventure,Comedy",Action
16,2013-10-04,Gravity,110000000.0,274092705.0,693698673.0,583698673.0,5.306351572727273,2013,gravity,gravity,2013.0,"Drama,Sci-Fi,Thriller",Drama
19,2015-05-29,San Andreas,110000000.0,155190832.0,456258539.0,346258539.0,3.1478049,2015,san andreas,san andreas,2015.0,"Action,Adventure,Drama",Action
20,2011-07-29,The Smurfs,110000000.0,142614158.0,563749323.0,453749323.0,4.124993845454545,2011,the smurfs,the smurfs,2011.0,"Adventure,Animation,Comedy",Adventure
26,2014-03-07,300: Rise of an Empire,110000000.0,106580051.0,330780051.0,220780051.0,2.0070913727272726,2014,300 rise of an empire,300 rise of an empire,2014.0,"Action,Fantasy,War",Action
28,2016-12-21,Passengers,110000000.0,100014699.0,302239672.0,192239672.0,1.7476333818181817,2016,passengers,passengers,2016.0,"Drama,Romance,Sci-Fi",Drama
29,2011-01-14,The Green Hornet,110000000.0,98780042.0,229155503.0,119155503.0,1.0832318454545455,2011,the green hornet,the green hornet,2011.0,"Action,Comedy,Crime",Action
31,2011-10-07,Real Steel,110000000.0,85463309.0,263880341.0,153880341.0,1.398912190909091,2011,real steel,real steel,2011.0,"Action,Drama,Family",Action
32,2010-06-11,The A-Team,110000000.0,77222099.0,177241171.0,67241171.0,0.6112833727272727,2010,the a-team,the a-team,2010.0,"Action,Adventure,Thriller",Action
33,2013-07-31,The Smurfs 2,110000000.0,71017784.0,348547523.0,238547523.0,2.1686138454545456,2013,the smurfs 2,the smurfs 2,2013.0,"Adventure,Animation,Comedy",Adventure
36,2013-11-01,Ender's Game,110000000.0,61737191.0,127983283.0,17983283.0,0.16348439090909092,2013,ender's game,ender's game,2013.0,"Action,Adventure,Fantasy",Action
40,2017-03-31,Ghost in the Shell,110000000.0,40563557.0,167910690.0,57910690.0,0.5264608181818182,2017,ghost in the shell,ghost in the shell,2017.0,"Action,Drama,Sci-Fi",Action
42,2019-06-14,Men in Black: International,110000000.0,3100000.0,3100000.0,-106900000.0,-0.9718181818181818,2019,men in black international,men in black international,2019.0,"Action,Adventure,Comedy",Action
46,2015-10-02,The Martian,108000000.0,228433663.0,655271443.0,547271443.0,5.067328175925926,2015,the martian,the martian,2015.0,"Adventure,Drama,Sci-Fi",Adventure
47,2016-11-23,Allied,106000000.0,40098064.0,119266661.0,13266661.0,0.12515717924528302,2016,allied,allied,2016.0,"Action,Drama,Romance",Action
52,2016-07-22,Ice Age: Collision Course,105000000.0,64063008.0,402156682.0,297156682.0,2.830063638095238,2016,ice age collision course,ice age collision course,2016.0,"Adventure,Animation,Comedy",Adventure
54,2017-09-22,Kingsman: The Golden Circle,104000000.0,100234838.0,408803696.0,304803696.0,2.930804769230769,2017,kingsman the golden circle,kingsman the golden circle,2017.0,"Action,Adventure,Comedy",Action
58,2018-03-09,A Wrinkle in Time,103000000.0,100478608.0,133401882.0,30401882.0,0.29516390291262135,2018,a wrinkle in time,a wrinkle in time,2018.0,"Adventure,Family,Fantasy",Adventure
62,2018-12-21,Bumblebee,102000000.0,127195589.0,465195589.0,363195589.0,3.560741068627451,2018,bumblebee,bumblebee,2018.0,"Action,Adventure,Sci-Fi",Action
63,2012-10-26,Cloud Atlas,102000000.0,27108272.0,130673154.0,28673154.0,0.28110935294117645,2012,cloud atlas,cloud atlas,2012.0,"Action,Drama,Mystery",Action
69,2012-12-25,Django Unchained,100000000.0,162805434.0,449948323.0,349948323.0,3.49948323,2012,django unchained,django unchained,2012.0,"Drama,Western",Drama
70,2010-12-22,Little Fockers,100000000.0,148438600.0,310650574.0,210650574.0,2.10650574,2010,little fockers,little fockers,2010.0,"Comedy,Romance",Comedy
74,2010-08-06,The Other Guys,100000000.0,119219978.0,170936470.0,70936470.0,0.7093647,2010,the other guys,the other guys,2010.0,"Action,Comedy,Crime",Action
76,2013-12-25,The Wolf of Wall Street,100000000.0,116900694.0,389870414.0,289870414.0,2.89870414,2013,the wolf of wall street,the wolf of wall street,2013.0,"Biography,Crime,Drama",Biography
77,2013-05-24,Epic,100000000.0,107518682.0,262794441.0,162794441.0,1.62794441,2013,epic,epic,2013.0,"Adventure,Animation,Family",Adventure
81,2012-08-17,The Expendables 2,100000000.0,85028192.0,311979256.0,211979256.0,2.11979256,2012,the expendables 2,the expendables 2,2012.0,"Action,Adventure,Thriller",Action
84,2014-07-25,Hercules,100000000.0,72688614.0,243388614.0,143388614.0,1.43388614,2014,hercules,hercules,2014.0,"Action,Adventure,Fantasy",Action
84,2014-07-25,Hercules,100000000.0,72688614.0,243388614.0,143388614.0,1.43388614,2014,hercules,hercules,2014.0,Comedy,Comedy
85,2010-12-10,The Tourist,100000000.0,67631157.0,278731369.0,178731369.0,1.78731369,2010,the tourist,the tourist,2010.0,"Action,Adventure,Thriller",Action
90,2010-09-24,Legend of the Guardians: The Owls of Ga'Hoole,100000000.0,55675313.0,139716717.0,39716717.0,0.39716717,2010,legend of the guardians the owls of ga'hoole,legend of the guardians the owls of ga'hoole,2010.0,"Action,Adventure,Animation",Action
94,2019-03-15,Wonder Park,100000000.0,45216793.0,115149422.0,15149422.0,0.15149422,2019,wonder park,wonder park,2019.0,"Adventure,Animation,Comedy",Adventure
96,2014-08-15,The Expendables 3,100000000.0,39322544.0,209461378.0,109461378.0,1.09461378,2014,the expendables 3,the expendables 3,2014.0,"Action,Adventure,Thriller",Action
98,2010-03-12,Green Zone,100000000.0,35497337.0,97523020.0,-2476980.0,-0.0247698,2010,green zone,green zone,2010.0,"Action,Drama,Thriller",Action
99,2017-10-20,Geostorm,100000000.0,33700160.0,220796009.0,120796009.0,1.20796009,2017,geostorm,geostorm,2017.0,"Action,Sci-Fi,Thriller",Action
100,2015-12-25,Point Break,100000000.0,28782481.0,126704591.0,26704591.0,0.26704591,2015,point break,point break,2015.0,"Action,Crime,Sport",Action
1,2015-12-11,In the Heart of the Sea,100000000.0,25020758.0,89693309.0,-10306691.0,-0.10306691,2015,in the heart of the sea,in the heart of the sea,2015.0,"Action,Adventure,Biography",Action
2,2014-04-18,Transcendence,100000000.0,23022309.0,103039258.0,3039258.0,0.03039258,2014,transcendence,transcendence,2014.0,"Action,Drama,Sci-Fi",Action
4,2018-12-14,Mortal Engines,100000000.0,15951040.0,85287417.0,-14712583.0,-0.14712583,2018,mortal engines,mortal engines,2018.0,"Action,Adventure,Fantasy",Action
7,2015-11-06,The Peanuts Movie,99000000.0,130178411.0,250091610.0,151091610.0,1.5261778787878788,2015,the peanuts movie,the peanuts movie,2015.0,"Adventure,Animation,Comedy",Adventure
8,2019-02-08,The LEGO Movie 2: The Second Part,99000000.0,105806508.0,190325698.0,91325698.0,0.922481797979798,2019,the lego movie 2 the second part,the lego movie 2 the second part,2019.0,"Action,Adventure,Animation",Action
9,2018-11-21,Robin Hood,99000000.0,30824628.0,84747441.0,-14252559.0,-0.1439652424242424,2018,robin hood,robin hood,2018.0,"Action,Adventure,Thriller",Action
12,2017-05-19,Alien: Covenant,97000000.0,74262031.0,238521247.0,141521247.0,1.4589819278350515,2017,alien covenant,alien covenant,2017.0,"Horror,Sci-Fi,Thriller",Horror
13,2015-03-13,Cinderella,95000000.0,201151353.0,534551353.0,439551353.0,4.626856347368421,2015,cinderella,cinderella,2015.0,"Drama,Family,Fantasy",Drama
13,2015-03-13,Cinderella,95000000.0,201151353.0,534551353.0,439551353.0,4.626856347368421,2015,cinderella,cinderella,2015.0,Fantasy,Fantasy
14,2012-07-13,Ice Age: Continental Drift,95000000.0,161321843.0,879765137.0,784765137.0,8.26068565263158,2012,ice age continental drift,ice age continental drift,2012.0,"Adventure,Animation,Comedy",Adventure
16,2010-05-27,Sex and the City 2,95000000.0,95347692.0,294680778.0,199680778.0,2.1019029263157893,2010,sex and the city 2,sex and the city 2,2010.0,"Comedy,Drama,Romance",Comedy
17,2010-02-12,Percy Jackson & the Olympians: The Lightning Thief,95000000.0,88768303.0,223050874.0,128050874.0,1.3479039368421053,2010,percy jackson & the olympians the lightning thief,percy jackson & the olympians the lightning thief,2010.0,"Adventure,Family,Fantasy",Adventure
18,2012-08-10,The Campaign,95000000.0,86907746.0,104907746.0,9907746.0,0.10429206315789474,2012,the campaign,the campaign,2012.0,Comedy,Comedy
19,2010-11-12,Unstoppable,95000000.0,81562942.0,165720921.0,70720921.0,0.7444307473684211,2010,unstoppable,unstoppable,2010.0,"Action,Thriller",Action
23,2016-08-19,Ben-Hur,95000000.0,26410477.0,91669648.0,-3330352.0,-0.03505633684210526,2016,ben-hur,ben-hur,2016.0,"Action,Adventure,Drama",Action
31,2011-08-05,Rise of the Planet of the Apes,93000000.0,176760185.0,470986200.0,377986200.0,4.064367741935484,2011,rise of the planet of the apes,rise of the planet of the apes,2011.0,"Action,Drama,Sci-Fi",Action
34,2013-02-14,A Good Day to Die Hard,92000000.0,67349198.0,304249198.0,212249198.0,2.3070565,2013,a good day to die hard,a good day to die hard,2013.0,"Action,Thriller",Action
37,2013-12-25,The Secret Life of Walter Mitty,91000000.0,58236838.0,187861183.0,96861183.0,1.0644086043956045,2013,the secret life of walter mitty,the secret life of walter mitty,2013.0,"Adventure,Comedy,Drama",Adventure
38,2017-12-20,Jumanji: Welcome to the Jungle,90000000.0,404508916.0,964496193.0,874496193.0,9.716624366666666,2017,jumanji welcome to the jungle,jumanji welcome to the jungle,2017.0,"Action,Adventure,Comedy",Action
46,2011-04-15,Rio,90000000.0,143619809.0,487519809.0,397519809.0,4.416886766666667,2011,rio,rio,2011.0,"Adventure,Animation,Comedy",Adventure
51,2011-12-20,The Girl with the Dragon Tattoo,90000000.0,102515793.0,239373970.0,149373970.0,1.6597107777777778,2011,the girl with the dragon tattoo,the girl with the dragon tattoo,2011.0,"Crime,Drama,Mystery",Crime
55,2016-09-23,The Magnificent Seven,90000000.0,93432655.0,162525156.0,72525156.0,0.8058350666666667,2016,the magnificent seven,the magnificent seven,2016.0,"Action,Adventure,Western",Action
56,2015-12-18,Alvin and the Chipmunks: The Road Chip,90000000.0,85886987.0,249517956.0,159517956.0,1.7724217333333334,2015,alvin and the chipmunks the road chip,alvin and the chipmunks the road chip,2015.0,"Adventure,Animation,Comedy",Adventure
59,2015-07-24,Pixels,90000000.0,78765986.0,244041804.0,154041804.0,1.7115756,2015,pixels,pixels,2015.0,"Action,Comedy,Sci-Fi",Action
64,2013-08-07,Percy Jackson: Sea of Monsters,90000000.0,68559554.0,200859554.0,110859554.0,1.2317728222222222,2013,percy jackson sea of monsters,percy jackson sea of monsters,2013.0,"Adventure,Family,Fantasy",Adventure
66,2016-06-10,Now You See Me 2,90000000.0,65075540.0,328325007.0,238325007.0,2.648055633333333,2016,now you see me 2,now you see me 2,2016.0,"Action,Adventure,Comedy",Action
70,2018-03-16,Tomb Raider,90000000.0,58250803.0,273477501.0,183477501.0,2.0386389,2018,tomb raider,tomb raider,2018.0,"Action,Adventure,Fantasy",Action
76,2011-08-19,Conan the Barbarian,90000000.0,21295021.0,63356133.0,-26643867.0,-0.2960429666666667,2011,conan the barbarian,conan the barbarian,2011.0,"Action,Adventure,Fantasy",Action
77,2011-10-21,The Three Musketeers,90000000.0,20377913.0,139877913.0,49877913.0,0.5541990333333333,2011,the three musketeers,the three musketeers,2011.0,"Action,Adventure,Romance",Action
78,2017-04-21,The Promise,90000000.0,8224288.0,10551417.0,-79448583.0,-0.8827620333333334,2017,the promise,the promise,2017.0,Drama,Drama
78,2017-04-21,The Promise,90000000.0,8224288.0,10551417.0,-79448583.0,-0.8827620333333334,2017,the promise,the promise,2017.0,Comedy,Comedy
78,2017-04-21,The Promise,90000000.0,8224288.0,10551417.0,-79448583.0,-0.8827620333333334,2017,the promise,the promise,2017.0,"Drama,Horror,Thriller",Drama
78,2017-04-21,The Promise,90000000.0,8224288.0,10551417.0,-79448583.0,-0.8827620333333334,2017,the promise,the promise,2017.0,Drama,Drama
79,2010-11-24,The Nutcracker in 3D,90000000.0,195459.0,20466016.0,-69533984.0,-0.7725998222222222,2010,the nutcracker in 3d,the nutcracker in 3d,2010.0,"Action,Family,Fantasy",Action
80,2017-12-13,Bright,90000000.0,0.0,0.0,-90000000.0,-1.0,2017,bright,bright,2017.0,"Action,Crime,Fantasy",Action
84,2018-09-14,The Predator,88000000.0,51024708.0,159487563.0,71487563.0,0.8123586704545455,2018,the predator,the predator,2018.0,"Action,Adventure,Sci-Fi",Action
95,2014-03-21,Divergent,85000000.0,150947895.0,276014965.0,191014965.0,2.247234882352941,2014,divergent,divergent,2014.0,"Action,Adventure,Mystery",Action
96,2012-09-28,Hotel Transylvania,85000000.0,148313048.0,378505812.0,293505812.0,3.4530095529411766,2012,hotel transylvania,hotel transylvania,2012.0,"Animation,Comedy,Family",Animation
97,2019-04-05,Shazam!,85000000.0,139606856.0,362899733.0,277899733.0,3.269408623529412,2019,shazam,shazam,2019.0,"Action,Adventure,Comedy",Action
99,2012-02-10,Safe House,85000000.0,126181630.0,208542162.0,123542162.0,1.4534372,2012,safe house,safe house,2012.0,"Action,Adventure,Crime",Action
5,2011-11-04,Tower Heist,85000000.0,78046570.0,150422946.0,65422946.0,0.7696817176470588,2011,tower heist,tower heist,2011.0,"Action,Comedy,Crime",Action
7,2012-03-30,Mirror Mirror,85000000.0,64935167.0,173613482.0,88613482.0,1.0425115529411764,2012,mirror mirror,mirror mirror,2012.0,"Adventure,Comedy,Drama",Adventure
14,2011-11-23,Arthur Christmas,85000000.0,46462469.0,149717124.0,64717124.0,0.7613779294117647,2011,arthur christmas,arthur christmas,2011.0,"Adventure,Animation,Comedy",Adventure
15,2017-01-20,xXx: Return of Xander Cage,85000000.0,44898413.0,345033359.0,260033359.0,3.059215988235294,2017,xxx return of xander cage,xxx return of xander cage,2017.0,"Action,Adventure,Thriller",Action
17,2010-07-30,Cats & Dogs: The Revenge of Kitty Galore,85000000.0,43585753.0,113026383.0,28026383.0,0.32972215294117646,2010,cats & dogs the revenge of kitty galore,cats & dogs the revenge of kitty galore,2010.0,"Action,Comedy,Family",Action
22,2010-08-13,Scott Pilgrim vs. The World,85000000.0,31611316.0,48056764.0,-36943236.0,-0.43462630588235296,2010,scott pilgrim vs. the world,scott pilgrim vs. the world,2010.0,"Action,Comedy,Fantasy",Action
25,2017-12-20,The Greatest Showman,84000000.0,174340174.0,386665550.0,302665550.0,3.6031613095238093,2017,the greatest showman,the greatest showman,2017.0,"Biography,Drama,Musical",Biography
28,2013-07-19,RED 2,84000000.0,53262560.0,141507355.0,57507355.0,0.6846113690476191,2013,red 2,red 2,2013.0,"Action,Comedy,Crime",Action
34,2010-08-13,The Expendables,82000000.0,103068524.0,268268174.0,186268174.0,2.2715630975609757,2010,the expendables,the expendables,2010.0,"Action,Adventure,Thriller",Action
36,2020-02-21,Call of the Wild,82000000.0,0.0,0.0,-82000000.0,-1.0,2020,call of the wild,call of the wild,2020.0,"Adventure,Animation,Family",Adventure
38,2012-03-23,The Hunger Games,80000000.0,408010692.0,677923379.0,597923379.0,7.4740422375,2012,the hunger games,the hunger games,2012.0,"Action,Adventure,Sci-Fi",Action
39,2011-05-26,The Hangover Part II,80000000.0,254464305.0,586464305.0,506464305.0,6.3308038125,2011,the hangover part ii,the hangover part ii,2011.0,"Comedy,Mystery",Comedy
41,2017-02-10,The Lego Batman Movie,80000000.0,175750384.0,310660018.0,230660018.0,2.883250225,2017,the lego batman movie,the lego batman movie,2017.0,"Action,Animation,Comedy",Action
42,2015-09-25,Hotel Transylvania 2,80000000.0,169700110.0,469500298.0,389500298.0,4.868753725,2015,hotel transylvania 2,hotel transylvania 2,2015.0,"Animation,Comedy,Family",Animation
48,2013-07-12,Grown Ups 2,80000000.0,133668525.0,247023808.0,167023808.0,2.0877976,2013,grown ups 2,grown ups 2,2013.0,Comedy,Comedy
49,2011-12-16,Alvin and the Chipmunks: Chipwrecked,80000000.0,133107389.0,349088523.0,269088523.0,3.3636065375,2011,alvin and the chipmunks chipwrecked,alvin and the chipmunks chipwrecked,2011.0,"Adventure,Animation,Comedy",Adventure
52,2010-02-19,Shutter Island,80000000.0,128012934.0,299461782.0,219461782.0,2.743272275,2010,shutter island,shutter island,2010.0,"Mystery,Thriller",Mystery
58,2011-02-11,Just Go With It,80000000.0,103028109.0,214974953.0,134974953.0,1.6871869125,2011,just go with it,just go with it,2011.0,"Comedy,Romance",Comedy
62,2010-12-17,Yogi Bear,80000000.0,100246011.0,204774690.0,124774690.0,1.559683625,2010,yogi bear,yogi bear,2010.0,"Adventure,Animation,Comedy",Adventure
64,2010-01-15,The Book of Eli,80000000.0,94835059.0,158750817.0,78750817.0,0.9843852125,2010,the book of eli,the book of eli,2010.0,"Action,Adventure,Drama",Action
68,2014-10-17,Fury,80000000.0,85817906.0,210315681.0,130315681.0,1.6289460125,2014,fury,fury,2014.0,"Action,Drama,War",Action
69,2018-09-28,Smallfoot,80000000.0,83240103.0,213691277.0,133691277.0,1.6711409625,2018,smallfoot,smallfoot,2018.0,"Adventure,Animation,Comedy",Adventure
71,2011-07-08,Zookeeper,80000000.0,80360866.0,170805525.0,90805525.0,1.1350690625,2011,zookeeper,zookeeper,2011.0,"Comedy,Family,Romance",Comedy
81,2019-06-07,The Secret Life of Pets 2,80000000.0,63795655.0,113351496.0,33351496.0,0.4168937,2019,the secret life of pets 2,the secret life of pets 2,2019.0,"Adventure,Animation,Comedy",Adventure
96,2015-10-23,The Last Witch Hunter,80000000.0,27367660.0,130818912.0,50818912.0,0.6352364,2015,the last witch hunter,the last witch hunter,2015.0,"Action,Adventure,Fantasy",Action
97,2014-02-21,Pompeii,80000000.0,23169033.0,108469033.0,28469033.0,0.3558629125,2014,pompeii,pompeii,2014.0,"Action,Adventure,Drama",Action
10,2012-02-10,Journey 2: The Mysterious Island,79000000.0,103860290.0,318146162.0,239146162.0,3.027166607594937,2012,journey 2 the mysterious island,journey 2 the mysterious island,2012.0,"Action,Adventure,Comedy",Action
11,2011-11-11,Jack and Jill,79000000.0,74158157.0,150519217.0,71519217.0,0.9053065443037974,2011,jack and jill,jack and jill,2011.0,Comedy,Comedy
13,2013-09-27,Cloudy with a Chance of Meatballs 2,78000000.0,119793567.0,274392649.0,196392649.0,2.517854474358974,2013,cloudy with a chance of meatballs 2,cloudy with a chance of meatballs 2,2013.0,"Adventure,Animation,Comedy",Adventure
21,2018-07-20,The Equalizer 2,77000000.0,102084362.0,190453132.0,113453132.0,1.4734172987012988,2018,the equalizer 2,the equalizer 2,2018.0,"Action,Crime,Thriller",Action
22,2013-07-03,Despicable Me 2,76000000.0,368065385.0,975216835.0,899216835.0,11.831800460526315,2013,despicable me 2,despicable me 2,2013.0,"Adventure,Animation,Comedy",Adventure
26,2016-07-08,The Secret Life of Pets,75000000.0,368384330.0,886750534.0,811750534.0,10.823340453333333,2016,the secret life of pets,the secret life of pets,2016.0,"Adventure,Animation,Comedy",Adventure
29,2016-12-21,Sing,75000000.0,270329045.0,634454789.0,559454789.0,7.459397186666667,2016,sing,sing,2016.0,"Animation,Comedy,Family",Animation
30,2017-06-30,Despicable Me 3,75000000.0,264624300.0,1034727750.0,959727750.0,12.79637,2017,despicable me 3,despicable me 3,2017.0,"Adventure,Animation,Comedy",Adventure
34,2010-06-25,Grown Ups,75000000.0,162001186.0,272223430.0,197223430.0,2.629645733333333,2010,grown ups,grown ups,2010.0,Comedy,Comedy
41,2013-05-31,Now You See Me,75000000.0,117723989.0,342769200.0,267769200.0,3.570256,2013,now you see me,now you see me,2013.0,"Crime,Mystery,Thriller",Crime
43,2018-08-03,Christopher Robin,75000000.0,99215042.0,197504758.0,122504758.0,1.6333967733333334,2018,christopher robin,christopher robin,2018.0,"Adventure,Animation,Comedy",Adventure
45,2011-11-11,Immortals,75000000.0,83504017.0,211562435.0,136562435.0,1.8208324666666666,2011,immortals,immortals,2011.0,"Action,Drama,Fantasy",Action
54,2010-06-04,Killers,75000000.0,47059963.0,95572749.0,20572749.0,0.27430332,2010,killers,killers,2010.0,"Action,Comedy,Romance",Action
55,2015-08-14,The Man From U.N.C.L.E.,75000000.0,45445109.0,104949584.0,29949584.0,0.3993277866666667,2015,the man from u.n.c.l.e.,the man from u.n.c.l.e.,2015.0,"Action,Adventure,Comedy",Action
62,2011-03-25,Sucker Punch,75000000.0,36392502.0,89758389.0,14758389.0,0.19677852,2011,sucker punch,sucker punch,2011.0,"Action,Adventure,Fantasy",Action
64,2016-10-28,Inferno,75000000.0,34343574.0,219519367.0,144519367.0,1.9269248933333334,2016,inferno,inferno,2016.0,"Action,Adventure,Crime",Action
73,2015-07-10,Minions,74000000.0,336045770.0,1160336173.0,1086336173.0,14.680218554054054,2015,minions,minions,2015.0,"Adventure,Animation,Comedy",Adventure
74,2015-02-06,The SpongeBob Movie: Sponge Out of Water,74000000.0,162994032.0,311013181.0,237013181.0,3.2028808243243243,2015,the spongebob movie sponge out of water,the spongebob movie sponge out of water,2015.0,"Adventure,Animation,Comedy",Adventure
77,2016-05-20,The Angry Birds Movie,73000000.0,107509366.0,352327887.0,279327887.0,3.826409410958904,2016,the angry birds movie,the angry birds movie,2016.0,"Action,Animation,Comedy",Action
9,2013-03-22,Olympus Has Fallen,70000000.0,98927592.0,172878928.0,102878928.0,1.4696989714285715,2013,olympus has fallen,olympus has fallen,2013.0,"Action,Thriller",Action
10,2011-03-11,Battle: Los Angeles,70000000.0,83552429.0,213463976.0,143463976.0,2.0494853714285712,2011,battle los angeles,battle los angeles,2011.0,"Action,Sci-Fi",Action
12,2011-12-25,War Horse,70000000.0,79883359.0,156815529.0,86815529.0,1.2402218428571428,2011,war horse,war horse,2011.0,"Drama,History,War",Drama
14,2014-02-07,The Monuments Men,70000000.0,78031620.0,158702748.0,88702748.0,1.2671821142857143,2014,the monuments men,the monuments men,2014.0,"Comedy,Drama,History",Comedy
15,2016-09-23,Storks,70000000.0,72679278.0,183353431.0,113353431.0,1.6193347285714286,2016,storks,storks,2016.0,"Adventure,Animation,Comedy",Adventure
19,2012-01-20,Underworld: Awakening,70000000.0,62321039.0,160379930.0,90379930.0,1.2911418571428572,2012,underworld awakening,underworld awakening,2012.0,"Action,Fantasy,Horror",Action
20,2017-09-22,The Lego Ninjago Movie,70000000.0,59281555.0,122737201.0,52737201.0,0.7533885857142857,2017,the lego ninjago movie,the lego ninjago movie,2017.0,"Action,Adventure,Animation",Action
21,2014-10-10,Dracula Untold,70000000.0,55991880.0,220241723.0,150241723.0,2.1463103285714284,2014,dracula untold,dracula untold,2014.0,"Action,Drama,Fantasy",Action
25,2011-01-14,The Dilemma,70000000.0,48475290.0,70546865.0,546865.0,0.007812357142857143,2011,the dilemma,the dilemma,2011.0,"Comedy,Drama",Comedy
29,2012-06-15,Rock of Ages,70000000.0,38518613.0,61031932.0,-8968068.0,-0.12811525714285715,2012,rock of ages,rock of ages,2012.0,"Comedy,Drama,Musical",Comedy
36,2016-01-29,The Finest Hours,70000000.0,27569558.0,49252761.0,-20747239.0,-0.2963891285714286,2016,the finest hours,the finest hours,2016.0,"Action,Drama,History",Action
37,2013-10-18,Escape Plan,70000000.0,25135965.0,103735965.0,33735965.0,0.48194235714285716,2013,escape plan,escape plan,2013.0,"Action,Crime,Mystery",Action
38,2011-09-23,Killer Elite,70000000.0,25124986.0,65409046.0,-4590954.0,-0.06558505714285714,2011,killer elite,killer elite,2011.0,"Action,Crime,Thriller",Action
42,2014-01-10,The Legend of Hercules,70000000.0,18848538.0,58953319.0,-11046681.0,-0.15780972857142858,2014,the legend of hercules,the legend of hercules,2014.0,"Action,Adventure,Fantasy",Action
47,2015-01-16,Blackhat,70000000.0,8005980.0,19665004.0,-50334996.0,-0.7190713714285715,2015,blackhat,blackhat,2015.0,"Action,Crime,Thriller",Action
50,2010-07-09,Despicable Me,69000000.0,251513985.0,543464573.0,474464573.0,6.87629815942029,2010,despicable me,despicable me,2010.0,"Animation,Comedy,Family",Animation
51,2010-07-30,Dinner for Schmucks,69000000.0,73026337.0,86796502.0,17796502.0,0.2579203188405797,2010,dinner for schmucks,dinner for schmucks,2010.0,Comedy,Comedy
52,2018-03-02,Red Sparrow,69000000.0,46874505.0,145951861.0,76951861.0,1.1152443623188406,2018,red sparrow,red sparrow,2018.0,"Action,Drama,Thriller",Action
53,2010-06-30,The Twilight Saga: Eclipse,68000000.0,300531751.0,706102828.0,638102828.0,9.383865117647058,2010,the twilight saga eclipse,the twilight saga eclipse,2010.0,"Adventure,Drama,Fantasy",Adventure
55,2015-06-26,Ted 2,68000000.0,81476385.0,217214143.0,149214143.0,2.194325632352941,2015,ted 2,ted 2,2015.0,Comedy,Comedy
57,2011-02-25,Hall Pass,68000000.0,45060734.0,87173475.0,19173475.0,0.2819628676470588,2011,hall pass,hall pass,2011.0,"Comedy,Romance",Comedy
62,2017-12-22,Downsizing,68000000.0,24449754.0,54462971.0,-13537029.0,-0.19907395588235294,2017,downsizing,downsizing,2017.0,"Drama,Sci-Fi",Drama
65,2012-06-22,Abraham Lincoln: Vampire Hunter,67500000.0,37519139.0,137489730.0,69989730.0,1.0368848888888889,2012,abraham lincoln vampire hunter,abraham lincoln vampire hunter,2012.0,"Action,Fantasy,Horror",Action
70,2014-03-14,Need for Speed,66000000.0,43568507.0,194169619.0,128169619.0,1.9419639242424243,2014,need for speed,need for speed,2014.0,"Action,Crime,Thriller",Action
73,2012-11-09,Lincoln,65000000.0,182207973.0,273346281.0,208346281.0,3.2053274,2012,lincoln,lincoln,2012.0,"Biography,Drama,History",Biography
77,2018-07-13,Hotel Transylvania 3: Summer Vacation,65000000.0,167500092.0,527079962.0,462079962.0,7.108922492307692,2018,hotel transylvania 3 summer vacation,hotel transylvania 3 summer vacation,2018.0,"Adventure,Animation,Comedy",Adventure
82,2014-12-25,Unbroken,65000000.0,115637895.0,163527824.0,98527824.0,1.5158126769230769,2014,unbroken,unbroken,2014.0,"Biography,Drama,Sport",Biography
83,2015-06-05,Spy!,65000000.0,110825712.0,232585748.0,167585748.0,2.578242276923077,2015,spy,spy,2015.0,"Action,Comedy,Crime",Action
84,2010-11-05,Due Date,65000000.0,100539043.0,211739043.0,146739043.0,2.2575237384615385,2010,due date,due date,2010.0,"Adventure,Comedy",Adventure
89,2014-12-19,Annie,65000000.0,85911262.0,139829625.0,74829625.0,1.151225,2014,annie,annie,2014.0,"Comedy,Drama,Family",Comedy
96,2012-05-16,The Dictator,65000000.0,59650222.0,180148897.0,115148897.0,1.7715214923076923,2012,the dictator,the dictator,2012.0,Comedy,Comedy
98,2012-02-17,This Means War,65000000.0,54760791.0,156974557.0,91974557.0,1.4149931846153847,2012,this means war,this means war,2012.0,"Action,Comedy,Romance",Action
99,2015-02-27,Focus,65000000.0,53862963.0,168065700.0,103065700.0,1.5856261538461538,2015,focus,focus,2015.0,"Comedy,Crime,Drama",Comedy
1,2012-11-21,Red Dawn,65000000.0,44806783.0,48164150.0,-16835850.0,-0.2590130769230769,2012,red dawn,red dawn,2012.0,"Action,Sci-Fi,Thriller",Action
3,2015-09-18,Everest,65000000.0,43482270.0,221297061.0,156297061.0,2.404570169230769,2015,everest,everest,2015.0,"Action,Adventure,Biography",Action
4,2012-09-14,Resident Evil: Retribution,65000000.0,42345531.0,240647629.0,175647629.0,2.7022712153846156,2012,resident evil retribution,resident evil retribution,2012.0,"Action,Horror,Sci-Fi",Action
14,2014-01-24,"I, Frankenstein",65000000.0,19075290.0,74575290.0,9575290.0,0.14731215384615384,2014,"i, frankenstein","i, frankenstein",2014.0,"Action,Fantasy,Horror",Action
16,2014-08-22,Sin City: A Dame to Kill For,65000000.0,13757804.0,40650842.0,-24349158.0,-0.3746024307692308,2014,sin city a dame to kill for,sin city a dame to kill for,2014.0,"Crime,Thriller",Crime
17,2016-12-25,Live by Night,65000000.0,10378555.0,21774432.0,-43225568.0,-0.6650087384615384,2016,live by night,live by night,2016.0,"Action,Crime,Drama",Action
21,2018-10-26,Air Strike,65000000.0,0.0,516279.0,-64483721.0,-0.9920572461538462,2018,air strike,air strike,2018.0,"Action,Adventure,Drama",Action
27,2011-04-01,Hop,63000000.0,108085305.0,188657593.0,125657593.0,1.9945649682539683,2011,hop,hop,2011.0,"Adventure,Animation,Comedy",Adventure
28,2017-09-15,American Assassin,63000000.0,36249674.0,68310140.0,5310140.0,0.0842879365079365,2017,american assassin,american assassin,2017.0,"Action,Thriller",Action
33,2015-12-25,The Hateful Eight,62000000.0,54117416.0,147864886.0,85864886.0,1.3849175161290324,2015,the hateful eight,the hateful eight,2015.0,"Crime,Drama,Mystery",Crime
36,2014-10-03,Gone Girl,61000000.0,167767189.0,368567189.0,307567189.0,5.042085065573771,2014,gone girl,gone girl,2014.0,"Drama,Mystery,Thriller",Drama
38,2015-09-18,Maze Runner: The Scorch Trials,61000000.0,81697192.0,310566162.0,249566162.0,4.09124855737705,2015,maze runner the scorch trials,maze runner the scorch trials,2015.0,"Action,Sci-Fi,Thriller",Action
39,2013-08-02,2 Guns,61000000.0,75612460.0,132493015.0,71493015.0,1.1720166393442624,2013,2 guns,2 guns,2013.0,"Action,Comedy,Crime",Action
44,2014-02-07,The Lego Movie,60000000.0,257784718.0,457729388.0,397729388.0,6.628823133333333,2014,the lego movie,the lego movie,2014.0,"Action,Adventure,Animation",Action
50,2016-09-09,Sully,60000000.0,125070033.0,238524556.0,178524556.0,2.9754092666666665,2016,sully,sully,2016.0,"Biography,Drama",Biography
63,2010-10-15,Red,60000000.0,90380162.0,196439693.0,136439693.0,2.273994883333333,2010,red,red,2010.0,"Action,Comedy,Crime",Action
67,2010-08-13,Eat Pray Love,60000000.0,80574010.0,206598789.0,146598789.0,2.44331315,2010,eat pray love,eat pray love,2010.0,"Drama,Romance",Drama
68,2012-12-21,Jack Reacher,60000000.0,80070736.0,217370736.0,157370736.0,2.6228456,2012,jack reacher,jack reacher,2012.0,"Action,Crime,Thriller",Action
71,2011-09-09,Contagion,60000000.0,75658097.0,137551594.0,77551594.0,1.2925265666666668,2011,contagion,contagion,2011.0,"Action,Drama,Thriller",Action
80,2016-03-04,London Has Fallen,60000000.0,62524260.0,195194085.0,135194085.0,2.25323475,2016,london has fallen,london has fallen,2016.0,"Action,Thriller",Action
85,2016-10-21,Jack Reacher: Never Go Back,60000000.0,58697076.0,159946489.0,99946489.0,1.6657748166666666,2016,jack reacher never go back,jack reacher never go back,2016.0,"Action,Thriller",Action
86,2017-05-25,Baywatch,60000000.0,58060186.0,175863783.0,115863783.0,1.93106305,2017,baywatch,baywatch,2017.0,"Action,Comedy,Crime",Action
88,2015-12-25,Joy,60000000.0,56451232.0,101134059.0,41134059.0,0.68556765,2015,joy,joy,2015.0,Drama,Drama
89,2012-08-17,ParaNorman,60000000.0,56003051.0,108119662.0,48119662.0,0.8019943666666667,2012,paranorman,paranorman,2012.0,"Adventure,Animation,Comedy",Adventure
94,2014-09-26,The Boxtrolls,60000000.0,50837305.0,111946251.0,51946251.0,0.86577085,2014,the boxtrolls,the boxtrolls,2014.0,"Adventure,Animation,Comedy",Adventure
95,2017-08-04,The Dark Tower,60000000.0,50701325.0,113461527.0,53461527.0,0.89102545,2017,the dark tower,the dark tower,2017.0,"Action,Adventure,Fantasy",Action
97,2014-01-17,Jack Ryan: Shadow Recruit,60000000.0,50577412.0,131377412.0,71377412.0,1.1896235333333334,2014,jack ryan shadow recruit,jack ryan shadow recruit,2014.0,"Action,Drama,Thriller",Action
100,2018-12-25,Vice,60000000.0,47836282.0,70883171.0,10883171.0,0.18138618333333334,2018,vice,vice,2018.0,"Biography,Comedy,Drama",Biography
4,2013-01-11,Gangster Squad,60000000.0,46000903.0,104100903.0,44100903.0,0.73501505,2013,gangster squad,gangster squad,2013.0,"Action,Crime,Drama",Action
5,2017-04-07,Smurfs: The Lost Village,60000000.0,45020282.0,197578586.0,137578586.0,2.292976433333333,2017,smurfs the lost village,smurfs the lost village,2017.0,"Adventure,Animation,Comedy",Adventure
6,2018-10-12,First Man,60000000.0,44936545.0,105203825.0,45203825.0,0.7533970833333333,2018,first man,first man,2018.0,"Biography,Drama,History",Biography
8,2010-01-29,Edge of Darkness,60000000.0,43313890.0,82812456.0,22812456.0,0.3802076,2010,edge of darkness,edge of darkness,2010.0,"Crime,Drama,Mystery",Crime
18,2012-09-21,Trouble with the Curve,60000000.0,35763137.0,47818913.0,-12181087.0,-0.20301811666666666,2012,trouble with the curve,trouble with the curve,2012.0,"Drama,Sport",Drama
23,2019-02-08,Cold Pursuit,60000000.0,32138862.0,62599159.0,2599159.0,0.04331931666666667,2019,cold pursuit,cold pursuit,2019.0,"Action,Crime,Drama",Action
26,2013-08-21,The Mortal Instruments: City of Bones,60000000.0,31165421.0,75965567.0,15965567.0,0.26609278333333336,2013,the mortal instruments city of bones,the mortal instruments city of bones,2013.0,"Action,Fantasy,Horror",Action
29,2011-05-13,Priest,60000000.0,29136626.0,84154026.0,24154026.0,0.4025671,2011,priest,priest,2011.0,"Action,Adventure,Fantasy",Action
48,2015-01-23,Mortdecai,60000000.0,7696134.0,30396134.0,-29603866.0,-0.4933977666666667,2015,mortdecai,mortdecai,2015.0,"Action,Comedy,Crime",Action
52,2015-12-11,The Ridiculous 6,60000000.0,0.0,0.0,-60000000.0,-1.0,2015,the ridiculous 6,the ridiculous 6,2015.0,"Comedy,Western",Comedy
53,2019-11-08,Midway,59500000.0,0.0,0.0,-59500000.0,-1.0,2019,midway,midway,2019.0,"Action,Drama,History",Action
54,2018-03-23,Sherlock Gnomes,59000000.0,43242871.0,87527651.0,28527651.0,0.48351950847457625,2018,sherlock gnomes,sherlock gnomes,2018.0,"Adventure,Animation,Comedy",Adventure
55,2019-01-25,The Kid Who Would Be King,59000000.0,16790790.0,28348446.0,-30651554.0,-0.5195178644067796,2019,the kid who would be king,the kid who would be king,2019.0,"Action,Adventure,Family",Action
56,2016-02-12,Deadpool,58000000.0,363070709.0,801025593.0,743025593.0,12.810786086206896,2016,deadpool,deadpool,2016.0,"Action,Adventure,Comedy",Action
57,2014-12-25,American Sniper,58000000.0,350126372.0,547326372.0,489326372.0,8.436661586206897,2014,american sniper,american sniper,2014.0,"Action,Biography,Drama",Action
58,2015-10-16,Goosebumps,58000000.0,80069458.0,158905324.0,100905324.0,1.7397469655172413,2015,goosebumps,goosebumps,2015.0,"Adventure,Comedy,Family",Adventure
61,2012-01-20,Red Tails,58000000.0,49876377.0,50365498.0,-7634502.0,-0.1316293448275862,2012,red tails,red tails,2012.0,"Action,Adventure,Drama",Action
63,2013-06-07,The Internship,58000000.0,44672764.0,93672764.0,35672764.0,0.6150476551724138,2013,the internship,the internship,2013.0,Comedy,Comedy
66,2017-03-24,Life,58000000.0,30234022.0,100929666.0,42929666.0,0.7401666551724138,2017,life,life,2017.0,"Horror,Sci-Fi,Thriller",Horror
70,2010-09-10,Resident Evil: Afterlife,57500000.0,60128566.0,295874190.0,238374190.0,4.145638086956522,2010,resident evil afterlife,resident evil afterlife,2010.0,"Action,Adventure,Horror",Action
71,2012-06-15,That's My Boy,57500000.0,36931089.0,58085235.0,585235.0,0.010178,2012,that's my boy,that's my boy,2012.0,Comedy,Comedy
77,2014-12-25,Into the Woods,56200000.0,128002372.0,213116401.0,156916401.0,2.7921067793594307,2014,into the woods,into the woods,2014.0,"Adventure,Comedy,Drama",Adventure
84,2018-11-02,Bohemian Rhapsody,55000000.0,216303339.0,894985342.0,839985342.0,15.272460763636364,2018,bohemian rhapsody,bohemian rhapsody,2018.0,"Biography,Drama,Music",Biography
91,2017-02-10,Fifty Shades Darker,55000000.0,114434010.0,381398492.0,326398492.0,5.934518036363636,2017,fifty shades darker,fifty shades darker,2017.0,"Drama,Romance",Drama
92,2013-10-11,Captain Phillips,55000000.0,107136417.0,220648184.0,165648184.0,3.0117851636363637,2013,captain phillips,captain phillips,2013.0,"Biography,Drama,Thriller",Biography
95,2017-11-10,Murder on the Orient Express,55000000.0,102826543.0,345922730.0,290922730.0,5.289504181818182,2017,murder on the orient express,murder on the orient express,2017.0,"Crime,Drama,Mystery",Crime
96,2014-09-26,The Equalizer,55000000.0,101530738.0,192903624.0,137903624.0,2.507338618181818,2014,the equalizer,the equalizer,2014.0,"Action,Crime,Thriller",Action
97,2018-02-09,Fifty Shades Freed,55000000.0,100407760.0,371350619.0,316350619.0,5.751829436363637,2018,fifty shades freed,fifty shades freed,2018.0,"Drama,Romance,Thriller",Drama
99,2010-04-09,Date Night,55000000.0,98711404.0,152269033.0,97269033.0,1.7685278727272726,2010,date night,date night,2010.0,"Comedy,Crime,Romance",Comedy
16,2013-11-01,Free Birds,55000000.0,55750480.0,110387072.0,55387072.0,1.0070376727272727,2013,free birds,free birds,2013.0,"Adventure,Animation,Comedy",Adventure
20,2014-03-21,Muppets Most Wanted,55000000.0,51178893.0,79312301.0,24312301.0,0.44204183636363636,2014,muppets most wanted,muppets most wanted,2014.0,"Adventure,Comedy,Crime",Adventure
22,2016-08-19,Kubo and the Two Strings,55000000.0,48023088.0,77548122.0,22548122.0,0.40996585454545453,2016,kubo and the two strings,kubo and the two strings,2016.0,"Action,Adventure,Animation",Action
24,2010-11-24,Burlesque,55000000.0,39440655.0,90552675.0,35552675.0,0.6464122727272728,2010,burlesque,burlesque,2010.0,"Drama,Music,Musical",Drama
24,2010-11-24,Burlesque,55000000.0,39440655.0,90552675.0,35552675.0,0.6464122727272728,2010,burlesque,burlesque,2010.0,Drama,Drama
27,2012-07-27,The Watch,55000000.0,34353000.0,67130045.0,12130045.0,0.22054627272727273,2012,the watch,the watch,2012.0,"Action,Comedy,Horror",Action
32,2018-02-23,Annihilation,55000000.0,32732301.0,43070915.0,-11929085.0,-0.21689245454545455,2018,annihilation,annihilation,2018.0,"Adventure,Drama,Horror",Adventure
33,2015-10-16,Crimson Peak,55000000.0,31090320.0,74966854.0,19966854.0,0.3630337090909091,2015,crimson peak,crimson peak,2015.0,"Drama,Fantasy,Horror",Drama
34,2012-04-27,The Pirates! Band of Misfits,55000000.0,31051126.0,136143605.0,81143605.0,1.4753382727272728,2012,the pirates band of misfits,the pirates band of misfits,2012.0,"Adventure,Animation,Comedy",Adventure
59,2015-09-18,Black Mass,53000000.0,62575678.0,98837872.0,45837872.0,0.8648655094339622,2015,black mass,black mass,2015.0,"Biography,Crime,Drama",Biography
66,2012-12-19,Zero Dark Thirty,52500000.0,95720716.0,134612435.0,82112435.0,1.564046380952381,2012,zero dark thirty,zero dark thirty,2012.0,"Drama,Thriller",Drama
70,2010-02-12,Valentine's Day,52000000.0,110485654.0,217569328.0,165569328.0,3.1840255384615386,2010,valentine's day,valentine's day,2010.0,"Comedy,Romance",Comedy
72,2011-08-05,The Change-Up,52000000.0,37243418.0,75997067.0,23997067.0,0.4614820576923077,2011,the change-up,the change-up,2011.0,"Comedy,Fantasy",Comedy
75,2010-02-05,From Paris With Love,52000000.0,24077427.0,53139168.0,1139168.0,0.02190707692307692,2010,from paris with love,from paris with love,2010.0,"Action,Crime,Thriller",Action
79,2018-08-17,Alpha,51000000.0,35851379.0,99624873.0,48624873.0,0.9534288823529412,2018,alpha,alpha,2018.0,"Adventure,Drama,Family",Adventure
81,2011-03-04,The Adjustment Bureau,50200000.0,62495645.0,126931325.0,76731325.0,1.5285124501992031,2011,the adjustment bureau,the adjustment bureau,2011.0,"Romance,Sci-Fi,Thriller",Romance
84,2012-06-29,Ted,50000000.0,218665740.0,556016627.0,506016627.0,10.12033254,2012,ted,ted,2012.0,"Comedy,Fantasy",Comedy
85,2014-06-13,22 Jump Street,50000000.0,191719337.0,331333876.0,281333876.0,5.62667752,2014,22 jump street,22 jump street,2014.0,"Action,Comedy,Crime",Action
91,2016-06-17,Central Intelligence,50000000.0,127440871.0,217194805.0,167194805.0,3.3438961,2016,central intelligence,central intelligence,2016.0,"Action,Comedy,Crime",Action
92,2013-12-18,Anchorman 2: The Legend Continues,50000000.0,127352707.0,172185754.0,122185754.0,2.44371508,2013,anchorman 2 the legend continues,anchorman 2 the legend continues,2013.0,Comedy,Comedy
93,2011-06-10,Super 8,50000000.0,127004179.0,257972745.0,207972745.0,4.1594549,2011,super 8,super 8,2011.0,"Mystery,Sci-Fi,Thriller",Mystery
96,2018-11-21,Creed II,50000000.0,115715889.0,213591522.0,163591522.0,3.27183044,2018,creed ii,creed ii,2018.0,"Drama,Sport",Drama
97,2018-02-09,Peter Rabbit,50000000.0,115234093.0,347136477.0,297136477.0,5.94272954,2018,peter rabbit,peter rabbit,2018.0,"Adventure,Animation,Comedy",Adventure
100,2018-12-14,The Mule,50000000.0,103804407.0,170857676.0,120857676.0,2.41715352,2018,the mule,the mule,2018.0,"Crime,Drama,Thriller",Crime
2,2014-02-28,Non-Stop,50000000.0,91742160.0,222383055.0,172383055.0,3.4476611,2014,non-stop,non-stop,2014.0,"Action,Mystery,Thriller",Action
7,2017-07-28,The Emoji Movie,50000000.0,86089513.0,216562312.0,166562312.0,3.33124624,2017,the emoji movie,the emoji movie,2017.0,"Adventure,Animation,Comedy",Adventure
9,2017-12-22,The Post,50000000.0,81903458.0,179748880.0,129748880.0,2.5949776,2017,the post,the post,2017.0,"Biography,Drama,History",Biography
14,2011-12-23,We Bought a Zoo,50000000.0,75624550.0,118729073.0,68729073.0,1.37458146,2011,we bought a zoo,we bought a zoo,2011.0,"Comedy,Drama,Family",Comedy
15,2011-09-23,Moneyball,50000000.0,75605492.0,111300835.0,61300835.0,1.2260167,2011,moneyball,moneyball,2011.0,"Biography,Drama,Sport",Biography
26,2012-04-06,American Reunion,50000000.0,56758835.0,236799211.0,186799211.0,3.73598422,2012,american reunion,american reunion,2012.0,Comedy,Comedy
27,2013-01-25,Hansel & Gretel: Witch Hunters,50000000.0,55703475.0,214949716.0,164949716.0,3.29899432,2013,hansel & gretel witch hunters,hansel & gretel witch hunters,2013.0,"Action,Fantasy,Horror",Action
28,2011-02-18,I am Number Four,50000000.0,55100437.0,146195159.0,96195159.0,1.92390318,2011,i am number four,i am number four,2011.0,"Action,Adventure,Sci-Fi",Action
32,2017-09-29,American Made,50000000.0,51342000.0,135569212.0,85569212.0,1.71138424,2017,american made,american made,2017.0,"Action,Biography,Comedy",Action
35,2014-10-17,The Book of Life,50000000.0,50151543.0,97651543.0,47651543.0,0.95303086,2014,the book of life,the book of life,2014.0,"Adventure,Animation,Comedy",Adventure
40,2014-08-08,Into the Storm,50000000.0,47602194.0,150429371.0,100429371.0,2.00858742,2014,into the storm,into the storm,2014.0,"Action,Adventure,Drama",Action
41,2014-10-10,The Judge,50000000.0,47119388.0,76119388.0,26119388.0,0.52238776,2014,the judge,the judge,2014.0,"Crime,Drama",Crime
45,2016-08-19,War Dogs,50000000.0,43034523.0,86234503.0,36234503.0,0.72469006,2016,war dogs,war dogs,2016.0,"Comedy,Crime,Drama",Comedy
56,2016-05-20,The Nice Guys,50000000.0,36261763.0,59596747.0,9596747.0,0.19193494,2016,the nice guys,the nice guys,2016.0,"Action,Comedy,Crime",Action
59,2010-06-04,Marmaduke,50000000.0,33644788.0,89895930.0,39895930.0,0.7979186,2010,marmaduke,marmaduke,2010.0,"Comedy,Family",Comedy
61,2010-10-15,Hereafter,50000000.0,32746941.0,108660270.0,58660270.0,1.1732054,2010,hereafter,hereafter,2010.0,"Drama,Fantasy,Romance",Drama
64,2016-02-12,Zoolander 2,50000000.0,28848693.0,55348693.0,5348693.0,0.10697386,2016,zoolander 2,zoolander 2,2016.0,Comedy,Comedy
68,2013-03-29,The Host,50000000.0,26623701.0,64477051.0,14477051.0,0.28954102,2013,the host,the host,2013.0,"Action,Adventure,Drama",Action
70,2015-03-13,Run All Night,50000000.0,26461644.0,66961644.0,16961644.0,0.33923288,2015,run all night,run all night,2015.0,"Action,Drama,Thriller",Action
77,2019-04-12,Hellboy,50000000.0,21903748.0,40725492.0,-9274508.0,-0.18549016,2019,hellboy,hellboy,2019.0,"Action,Adventure,Fantasy",Action
78,2011-04-08,Your Highness,50000000.0,21596445.0,26121638.0,-23878362.0,-0.47756724,2011,your highness,your highness,2011.0,"Adventure,Comedy,Fantasy",Adventure
79,2016-09-16,Snowden,50000000.0,21587519.0,35380918.0,-14619082.0,-0.29238164,2016,snowden,snowden,2016.0,"Biography,Drama,Thriller",Biography
80,2011-09-30,Dream House,50000000.0,21302340.0,41642166.0,-8357834.0,-0.16715668,2011,dream house,dream house,2011.0,"Drama,Mystery,Thriller",Drama
81,2016-06-24,Free State of Jones,50000000.0,20810036.0,23237252.0,-26762748.0,-0.53525496,2016,free state of jones,free state of jones,2016.0,"Action,Biography,Drama",Action
85,2013-02-14,Beautiful Creatures,50000000.0,19452138.0,60282876.0,10282876.0,0.20565752,2013,beautiful creatures,beautiful creatures,2013.0,"Drama,Fantasy,Romance",Drama
91,2011-02-25,Drive Angry,50000000.0,10721033.0,41042583.0,-8957417.0,-0.17914834,2011,drive angry,drive angry,2011.0,"Action,Fantasy,Thriller",Action
98,2018-02-16,Early Man,50000000.0,8267544.0,45285890.0,-4714110.0,-0.0942822,2018,early man,early man,2018.0,"Adventure,Animation,Comedy",Adventure
2,2015-04-17,Child 44,50000000.0,1224330.0,8004221.0,-41995779.0,-0.83991558,2015,child 44,child 44,2015.0,"Crime,Drama,History",Crime
4,2013-03-15,Upside Down,50000000.0,102118.0,26387039.0,-23612961.0,-0.47225922,2013,upside down,upside down,2013.0,Documentary,Documentary
8,2019-11-22,The Rhythm Section,50000000.0,0.0,0.0,-50000000.0,-1.0,2019,the rhythm section,the rhythm section,2019.0,"Action,Mystery,Thriller",Action
9,2019-09-20,Ad Astra,49800000.0,0.0,0.0,-49800000.0,-1.0,2019,ad astra,ad astra,2019.0,"Adventure,Drama,Mystery",Adventure
11,2015-03-06,Chappie,49000000.0,31569268.0,105002056.0,56002056.0,1.1428991020408164,2015,chappie,chappie,2015.0,"Action,Crime,Drama",Action
13,2012-11-16,Anna Karenina,49000000.0,12816367.0,71004627.0,22004627.0,0.44907402040816324,2012,anna karenina,anna karenina,2012.0,"Drama,Romance",Drama
20,2018-11-16,Instant Family,48000000.0,67363237.0,119736188.0,71736188.0,1.4945039166666667,2018,instant family,instant family,2018.0,"Comedy,Drama",Comedy
23,2010-01-22,Tooth Fairy,48000000.0,60022256.0,112610386.0,64610386.0,1.3460497083333334,2010,tooth fairy,tooth fairy,2010.0,"Comedy,Family,Fantasy",Comedy
32,2016-07-13,The Infiltrator,47500000.0,15436808.0,20718104.0,-26781896.0,-0.5638293894736842,2016,the infiltrator,the infiltrator,2016.0,"Biography,Crime,Drama",Biography
34,2016-11-11,Arrival,47000000.0,100546139.0,203127894.0,156127894.0,3.321870085106383,2016,arrival,arrival,2016.0,"Drama,Mystery,Sci-Fi",Drama
40,2010-06-18,Jonah Hex,47000000.0,10547117.0,11022696.0,-35977304.0,-0.7654745531914894,2010,jonah hex,jonah hex,2010.0,"Action,Drama,Fantasy",Action
42,2016-12-23,Silence,46500000.0,7100177.0,23726626.0,-22773374.0,-0.48974997849462365,2016,silence,silence,2016.0,"Adventure,Drama,History",Adventure
48,2013-09-20,Prisoners,46000000.0,61002302.0,113402302.0,67402302.0,1.4652674347826087,2013,prisoners,prisoners,2013.0,"Crime,Drama,Mystery",Crime
54,2012-10-05,Taken 2,45000000.0,139854287.0,377807404.0,332807404.0,7.395720088888889,2012,taken 2,taken 2,2012.0,"Action,Thriller",Action
58,2017-12-22,Pitch Perfect 3,45000000.0,104897530.0,185736412.0,140736412.0,3.1274758222222223,2017,pitch perfect 3,pitch perfect 3,2017.0,"Comedy,Music",Comedy
64,2011-11-23,The Muppets,45000000.0,88625922.0,160971922.0,115971922.0,2.5771538222222223,2011,the muppets,the muppets,2011.0,"Adventure,Comedy,Family",Adventure
68,2016-10-07,The Girl on the Train,45000000.0,75395035.0,174278214.0,129278214.0,2.8728492,2016,the girl on the train,the girl on the train,2016.0,"Crime,Drama,Mystery",Crime
73,2010-03-19,The Bounty Hunter,45000000.0,67061228.0,135808837.0,90808837.0,2.0179741555555557,2010,the bounty hunter,the bounty hunter,2010.0,"Action,Comedy,Romance",Action
81,2016-12-09,Office Christmas Party,45000000.0,54767494.0,91323299.0,46323299.0,1.0294066444444445,2016,office christmas party,office christmas party,2016.0,Comedy,Comedy
88,2012-07-06,Savages,45000000.0,47323100.0,82513490.0,37513490.0,0.8336331111111112,2012,savages,savages,2012.0,"Crime,Drama,Thriller",Crime
90,2014-05-23,Blended,45000000.0,46290741.0,127990741.0,82990741.0,1.8442386888888889,2014,blended,blended,2014.0,"Comedy,Romance",Comedy
91,2017-06-16,All Eyez on Me,45000000.0,44922302.0,54876855.0,9876855.0,0.21948566666666666,2017,all eyez on me,all eyez on me,2017.0,"Biography,Drama,Music",Biography
6,2019-05-03,UglyDolls,45000000.0,19894664.0,24644664.0,-20355336.0,-0.4523408,2019,uglydolls,uglydolls,2019.0,"Adventure,Animation,Comedy",Adventure
11,2010-02-19,The Ghost Writer,45000000.0,15541549.0,65532491.0,20532491.0,0.4562775777777778,2010,the ghost writer,the ghost writer,2010.0,"Drama,Mystery,Thriller",Drama
15,2012-09-21,Dredd,45000000.0,13414714.0,41467606.0,-3532394.0,-0.07849764444444444,2012,dredd,dredd,2012.0,"Action,Crime,Sci-Fi",Action
16,2011-10-28,The Rum Diary,45000000.0,13109815.0,21544732.0,-23455268.0,-0.5212281777777777,2011,the rum diary,the rum diary,2011.0,"Comedy,Drama",Comedy
18,2018-12-21,Welcome to Marwen,45000000.0,10763520.0,12874922.0,-32125078.0,-0.7138906222222222,2018,welcome to marwen,welcome to marwen,2018.0,"Biography,Comedy,Drama",Biography
19,2011-10-21,Johnny English Reborn,45000000.0,8406711.0,164640401.0,119640401.0,2.6586755777777777,2011,johnny english reborn,johnny english reborn,2011.0,"Action,Adventure,Comedy",Action
26,2012-12-31,Foodfight!,45000000.0,0.0,73706.0,-44926294.0,-0.9983620888888889,2012,foodfight,foodfight,2012.0,"Action,Animation,Comedy",Action
27,2012-10-12,Argo,44500000.0,136025503.0,227140757.0,182640757.0,4.104286674157303,2012,argo,argo,2012.0,"Biography,Drama,Thriller",Biography
31,2010-07-30,Charlie St. Cloud,44000000.0,31206263.0,48478084.0,4478084.0,0.10177463636363636,2010,charlie st. cloud,charlie st. cloud,2010.0,"Drama,Fantasy,Romance",Drama
33,2014-02-06,The Interview,44000000.0,6105175.0,12342632.0,-31657368.0,-0.7194856363636364,2014,the interview,the interview,2014.0,Comedy,Comedy
35,2013-06-28,The Heat,43000000.0,159581587.0,229727774.0,186727774.0,4.342506372093023,2013,the heat,the heat,2013.0,"Action,Comedy,Crime",Action
42,2011-01-28,The Mechanic,42500000.0,29121498.0,76347393.0,33847393.0,0.7964092470588235,2011,the mechanic,the mechanic,2011.0,"Action,Crime,Thriller",Action
44,2012-03-16,21 Jump Street,42000000.0,138447667.0,202812429.0,160812429.0,3.8288673571428573,2012,21 jump street,21 jump street,2012.0,"Action,Comedy,Crime",Action
51,2017-05-12,Snatched,42000000.0,45852178.0,57852177.0,15852177.0,0.37743278571428573,2017,snatched,snatched,2017.0,"Action,Adventure,Comedy",Action
52,2012-10-12,Here Comes the Boom,42000000.0,45290318.0,73239258.0,31239258.0,0.7437918571428571,2012,here comes the boom,here comes the boom,2012.0,"Action,Comedy,Sport",Action
55,2011-03-11,Red Riding Hood,42000000.0,37662162.0,91678442.0,49678442.0,1.1828200476190476,2011,red riding hood,red riding hood,2011.0,"Fantasy,Horror,Mystery",Fantasy
58,2018-12-25,Holmes & Watson,42000000.0,30568743.0,41926605.0,-73395.0,-0.0017475,2018,holmes & watson,holmes & watson,2018.0,"Adventure,Comedy,Crime",Adventure
59,2012-01-27,One for the Money,42000000.0,26414527.0,36197221.0,-5802779.0,-0.13816140476190475,2012,one for the money,one for the money,2012.0,"Action,Comedy,Crime",Action
64,2012-01-27,Man on a Ledge,42000000.0,18620000.0,49621440.0,7621440.0,0.18146285714285715,2012,man on a ledge,man on a ledge,2012.0,"Action,Adventure,Crime",Action
65,2010-12-03,The Warrior's Way,42000000.0,5666340.0,8514325.0,-33485675.0,-0.7972779761904762,2010,the warrior's way,the warrior's way,2010.0,"Action,Fantasy,Western",Action
71,2019-05-31,Rocketman,41000000.0,57342725.0,108642725.0,67642725.0,1.6498225609756099,2019,rocketman,rocketman,2019.0,"Biography,Drama,Music",Biography
74,2011-10-14,The Big Year,41000000.0,7204138.0,7684524.0,-33315476.0,-0.8125725853658536,2011,the big year,the big year,2011.0,Comedy,Comedy
77,2010-06-11,The Karate Kid,40000000.0,176591618.0,351774938.0,311774938.0,7.79437345,2010,the karate kid,the karate kid,2010.0,"Action,Drama,Family",Action
78,2015-02-13,Fifty Shades of Grey,40000000.0,166167230.0,570998101.0,530998101.0,13.274952525,2015,fifty shades of grey,fifty shades of grey,2015.0,"Drama,Romance,Thriller",Drama
80,2013-12-13,American Hustle,40000000.0,150117807.0,257878294.0,217878294.0,5.44695735,2013,american hustle,american hustle,2013.0,"Crime,Drama",Crime
83,2014-07-25,Lucy,40000000.0,126573960.0,457507776.0,417507776.0,10.4376944,2014,lucy,lucy,2014.0,"Action,Sci-Fi,Thriller",Action
84,2013-12-25,Lone Survivor,40000000.0,125095601.0,149804632.0,109804632.0,2.7451158,2013,lone survivor,lone survivor,2013.0,"Action,Biography,Drama",Action
91,2010-10-01,The Social Network,40000000.0,96962694.0,224922135.0,184922135.0,4.623053375,2010,the social network,the social network,2010.0,"Biography,Drama",Biography
95,2016-01-15,Ride Along 2,40000000.0,90862685.0,124827316.0,84827316.0,2.1206829,2016,ride along 2,ride along 2,2016.0,"Action,Comedy,Crime",Action
97,2015-03-27,Get Hard,40000000.0,90411453.0,106511453.0,66511453.0,1.662786325,2015,get hard,get hard,2015.0,"Comedy,Crime",Comedy
100,2016-10-14,The Accountant,40000000.0,86260045.0,152962083.0,112962083.0,2.824052075,2016,the accountant,the accountant,2016.0,"Action,Crime,Drama",Action
1,2014-11-14,Dumb and Dumber To,40000000.0,86208010.0,156553592.0,116553592.0,2.9138398,2014,dumb and dumber to,dumb and dumber to,2014.0,"Adventure,Comedy",Adventure
2,2014-04-25,The Other Woman,40000000.0,83911193.0,195111193.0,155111193.0,3.877779825,2014,the other woman,the other woman,2014.0,"Comedy,Romance",Comedy
6,2015-09-25,The Intern,40000000.0,75764672.0,197115710.0,157115710.0,3.92789275,2015,the intern,the intern,2015.0,"Comedy,Drama",Comedy
10,2015-10-16,Bridge of Spies,40000000.0,72313754.0,162498338.0,122498338.0,3.06245845,2015,bridge of spies,bridge of spies,2015.0,"Drama,History,Thriller",Drama
16,2018-09-21,The House with a Clock in its Walls,40000000.0,68549695.0,126331750.0,86331750.0,2.15829375,2018,the house with a clock in its walls,the house with a clock in its walls,2018.0,"Comedy,Fantasy,Horror",Comedy
17,2016-11-04,Hacksaw Ridge,40000000.0,67209615.0,168904682.0,128904682.0,3.22261705,2016,hacksaw ridge,hacksaw ridge,2016.0,"Biography,Drama,History",Biography
21,2011-02-18,Unknown,40000000.0,63686397.0,136123083.0,96123083.0,2.403077075,2011,unknown,unknown,2011.0,"Action,Mystery,Thriller",Action
22,2010-06-04,Get Him to the Greek,40000000.0,61153526.0,91455875.0,51455875.0,1.286396875,2010,get him to the greek,get him to the greek,2010.0,"Adventure,Comedy,Music",Adventure
25,2011-03-18,The Lincoln Lawyer,40000000.0,58009200.0,87145086.0,47145086.0,1.17862715,2011,the lincoln lawyer,the lincoln lawyer,2011.0,"Crime,Drama,Thriller",Crime
28,2013-02-15,Escape From Planet Earth,40000000.0,57012977.0,74156610.0,34156610.0,0.85391525,2013,escape from planet earth,escape from planet earth,2013.0,"Adventure,Animation,Comedy",Adventure
31,2014-11-26,Horrible Bosses 2,40000000.0,54445357.0,105945357.0,65945357.0,1.648633925,2014,horrible bosses 2,horrible bosses 2,2014.0,"Comedy,Crime",Comedy
35,2010-07-09,Predators,40000000.0,52000688.0,127234389.0,87234389.0,2.180859725,2010,predators,predators,2010.0,"Action,Adventure,Sci-Fi",Action
36,2012-08-15,The Odd Life of Timothy Green,40000000.0,51853450.0,55249159.0,15249159.0,0.381228975,2012,the odd life of timothy green,the odd life of timothy green,2012.0,"Comedy,Drama,Family",Comedy
43,2014-06-20,Jersey Boys,40000000.0,47047013.0,65282732.0,25282732.0,0.6320683,2014,jersey boys,jersey boys,2014.0,"Biography,Drama,Music",Biography
48,2014-05-30,A Million Ways to Die in The West,40000000.0,42720965.0,86778557.0,46778557.0,1.169463925,2014,a million ways to die in the west,a million ways to die in the west,2014.0,"Comedy,Western",Comedy
49,2011-08-12,Final Destination 5,40000000.0,42587643.0,155011165.0,115011165.0,2.875279125,2011,final destination 5,final destination 5,2011.0,Horror,Horror
50,2018-11-16,Widows,40000000.0,42402632.0,73866088.0,33866088.0,0.8466522,2018,widows,widows,2018.0,"Crime,Drama,Thriller",Crime
54,2014-07-18,Sex Tape,40000000.0,38543473.0,126069509.0,86069509.0,2.151737725,2014,sex tape,sex tape,2014.0,"Comedy,Romance",Comedy
55,2011-04-15,Scream 4,40000000.0,38180928.0,95989590.0,55989590.0,1.39973975,2011,scream 4,scream 4,2011.0,"Horror,Mystery",Horror
58,2011-03-18,Paul,40000000.0,37412945.0,101162106.0,61162106.0,1.52905265,2011,paul,paul,2011.0,"Adventure,Comedy,Sci-Fi",Adventure
59,2012-12-19,The Guilt Trip,40000000.0,37134215.0,41294674.0,1294674.0,0.03236685,2012,the guilt trip,the guilt trip,2012.0,"Comedy,Drama",Comedy
60,2011-08-26,Colombiana,40000000.0,36665854.0,72295262.0,32295262.0,0.80738155,2011,colombiana,colombiana,2011.0,"Action,Drama,Thriller",Action
62,2018-01-12,The Commuter,40000000.0,36343858.0,101985431.0,61985431.0,1.549635775,2018,the commuter,the commuter,2018.0,"Action,Mystery,Thriller",Action
67,2011-04-08,Arthur,40000000.0,33035397.0,47787943.0,7787943.0,0.194698575,2011,arthur,arthur,2011.0,"Comedy,Romance",Comedy
69,2016-12-21,Patriots Day,40000000.0,31886361.0,52837989.0,12837989.0,0.320949725,2016,patriots day,patriots day,2016.0,"Action,Crime,Drama",Action
73,2010-11-10,Morning Glory,40000000.0,31011732.0,59795070.0,19795070.0,0.49487675,2010,morning glory,morning glory,2010.0,"Comedy,Drama,Romance",Comedy
75,2019-05-03,Long Shot,40000000.0,30202860.0,43711031.0,3711031.0,0.092775775,2019,long shot,long shot,2019.0,"Comedy,Romance",Comedy
77,2013-12-25,Grudge Match,40000000.0,29807260.0,69807260.0,29807260.0,0.7451815,2013,grudge match,grudge match,2013.0,"Comedy,Drama,Sport",Comedy
81,2017-08-11,The Nut Job 2: Nutty by Nature,40000000.0,28370522.0,57438389.0,17438389.0,0.435959725,2017,the nut job 2 nutty by nature,the nut job 2 nutty by nature,2017.0,"Adventure,Animation,Comedy",Adventure
86,2017-06-30,The House,40000000.0,25584504.0,31192425.0,-8807575.0,-0.220189375,2017,the house,the house,2017.0,"Comedy,Crime",Comedy
89,2011-01-07,Season of the Witch,40000000.0,24827228.0,91126600.0,51126600.0,1.278165,2011,season of the witch,season of the witch,2011.0,"Action,Adventure,Fantasy",Action
94,2016-08-26,Mechanic: Resurrection,40000000.0,21218403.0,109738840.0,69738840.0,1.743471,2016,mechanic resurrection,mechanic resurrection,2016.0,"Action,Adventure,Thriller",Action
99,2012-02-03,Big Miracle,40000000.0,20157300.0,25268680.0,-14731320.0,-0.368283,2012,big miracle,big miracle,2012.0,"Biography,Drama,Family",Biography
100,2012-12-21,The Impossible,40000000.0,19019882.0,169590606.0,129590606.0,3.23976515,2012,the impossible,the impossible,2012.0,"Drama,History,Thriller",Drama
1,2012-03-09,A Thousand Words,40000000.0,18450127.0,20790486.0,-19209514.0,-0.48023785,2012,a thousand words,a thousand words,2012.0,"Comedy,Drama",Comedy
15,2015-03-20,The Gunman,40000000.0,10664749.0,18594227.0,-21405773.0,-0.535144325,2015,the gunman,the gunman,2015.0,"Action,Crime,Drama",Action
19,2013-08-16,Paranoia,40000000.0,7388654.0,16340767.0,-23659233.0,-0.591480825,2013,paranoia,paranoia,2013.0,"Drama,Thriller",Drama
21,2015-07-10,Baahubali: The Beginning,40000000.0,6738000.0,26736665.0,-13263335.0,-0.331583375,2015,baahubali the beginning,baahubali the beginning,2015.0,"Action,Drama",Action
22,2018-03-09,The Hurricane Heist,40000000.0,6115824.0,30963684.0,-9036316.0,-0.2259079,2018,the hurricane heist,the hurricane heist,2018.0,"Action,Adventure,Crime",Action
24,2015-11-25,Victor Frankenstein,40000000.0,5775076.0,31124367.0,-8875633.0,-0.221890825,2015,victor frankenstein,victor frankenstein,2015.0,"Drama,Horror,Sci-Fi",Drama
40,2016-11-11,USS Indianapolis: Men of Courage,40000000.0,0.0,1663785.0,-38336215.0,-0.958405375,2016,uss indianapolis men of courage,uss indianapolis men of courage,2016.0,"Action,Drama,History",Action
41,2014-12-31,Dragon Nest Warriors' Dawn,40000000.0,0.0,734423.0,-39265577.0,-0.981639425,2014,dragon nest warriors' dawn,dragon nest warriors' dawn,2014.0,"Adventure,Animation,Family",Adventure
43,2019-09-13,The Goldfinch,40000000.0,0.0,0.0,-40000000.0,-1.0,2019,the goldfinch,the goldfinch,2019.0,Drama,Drama
48,2012-10-05,Frankenweenie,39000000.0,35287788.0,81150788.0,42150788.0,1.080789435897436,2012,frankenweenie,frankenweenie,2012.0,"Animation,Comedy,Family",Animation
59,2017-06-02,Captain Underpants: The First Epic Movie,38000000.0,73921000.0,126577874.0,88577874.0,2.3309966842105263,2017,captain underpants the first epic movie,captain underpants the first epic movie,2017.0,"Action,Animation,Comedy",Action
60,2015-04-17,Paul Blart: Mall Cop 2,38000000.0,71091594.0,107650646.0,69650646.0,1.8329117368421053,2015,paul blart mall cop 2,paul blart mall cop 2,2015.0,"Action,Comedy,Crime",Action
62,2016-12-23,Why Him?,38000000.0,60323786.0,117425156.0,79425156.0,2.0901356842105265,2016,why him?,why him?,2016.0,Comedy,Comedy
63,2011-04-22,Water for Elephants,38000000.0,58709717.0,116809717.0,78809717.0,2.0739399210526317,2011,water for elephants,water for elephants,2011.0,"Drama,Romance",Drama
64,2010-10-08,Life as We Know It,38000000.0,53374681.0,105887837.0,67887837.0,1.7865220263157895,2010,life as we know it,life as we know it,2010.0,"Comedy,Drama,Romance",Comedy
66,2013-09-06,Riddick,38000000.0,42025135.0,94763758.0,56763758.0,1.4937831052631578,2013,riddick,riddick,2013.0,"Action,Adventure,Sci-Fi",Action
69,2016-01-22,The 5th Wave,38000000.0,34912982.0,111336398.0,73336398.0,1.9299052105263157,2016,the 5th wave,the 5th wave,2016.0,"Action,Adventure,Drama",Action
71,2013-09-20,Rush,38000000.0,26947624.0,98230839.0,60230839.0,1.5850220789473684,2013,rush,rush,2013.0,"Action,Biography,Drama",Action
75,2017-10-20,Only the Brave,38000000.0,18340051.0,24555177.0,-13444823.0,-0.3538111315789474,2017,only the brave,only the brave,2017.0,"Action,Biography,Drama",Action
77,2011-10-14,The Thing,38000000.0,16999934.0,27573078.0,-10426922.0,-0.2743926842105263,2011,the thing,the thing,2011.0,"Horror,Mystery,Sci-Fi",Horror
82,2018-09-21,The Sisters Brothers,38000000.0,3143056.0,13143056.0,-24856944.0,-0.6541301052631578,2018,the sisters brothers,the sisters brothers,2018.0,"Adventure,Comedy,Crime",Adventure
86,2012-05-18,What to Expect When You're Expecting,37500000.0,41152203.0,88473016.0,50973016.0,1.3592804266666667,2012,what to expect when you're expecting,what to expect when you're expecting,2012.0,"Comedy,Drama,Romance",Comedy
87,2012-09-14,The Master,37500000.0,16247159.0,50647416.0,13147416.0,0.35059776,2012,the master,the master,2012.0,Drama,Drama
90,2013-08-07,We're the Millers,37000000.0,150394119.0,267816276.0,230816276.0,6.23827772972973,2013,we're the millers,we're the millers,2013.0,"Comedy,Crime",Comedy
91,2015-11-25,Creed,37000000.0,109767581.0,173567581.0,136567581.0,3.691015702702703,2015,creed,creed,2015.0,"Drama,Sport",Drama
92,2010-09-17,The Town,37000000.0,92186262.0,152566881.0,115566881.0,3.1234292162162163,2010,the town,the town,2010.0,"Crime,Drama,Thriller",Crime
93,2011-09-23,Dolphin Tale,37000000.0,72286779.0,96068724.0,59068724.0,1.596452,2011,dolphin tale,dolphin tale,2011.0,"Drama,Family",Drama
94,2018-02-23,Game Night,37000000.0,69179066.0,117378084.0,80378084.0,2.1723806486486485,2018,game night,game night,2018.0,"Action,Comedy,Crime",Action
98,2016-02-12,How to be Single,37000000.0,46843513.0,100003780.0,63003780.0,1.7028048648648648,2016,how to be single,how to be single,2016.0,"Comedy,Drama,Romance",Comedy
99,2010-02-26,Cop Out,37000000.0,44875481.0,55909910.0,18909910.0,0.5110786486486486,2010,cop out,cop out,2010.0,"Action,Comedy,Crime",Action
100,2011-01-28,The Rite,37000000.0,33047633.0,97143987.0,60143987.0,1.6255131621621621,2011,the rite,the rite,2011.0,"Drama,Horror,Mystery",Drama
3,2015-05-29,Aloha,37000000.0,21052030.0,25387091.0,-11612909.0,-0.3138624054054054,2015,aloha,aloha,2015.0,"Comedy,Drama,Romance",Comedy
5,2018-10-05,A Star is Born,36000000.0,215288866.0,433449571.0,397449571.0,11.040265861111111,2018,a star is born,a star is born,2018.0,"Drama,Music,Romance",Drama
10,2010-03-26,Hot Tub Time Machine,36000000.0,50269859.0,65967750.0,29967750.0,0.8324375,2010,hot tub time machine,hot tub time machine,2010.0,"Comedy,Sci-Fi",Comedy
12,2014-09-12,Dolphin Tale 2,36000000.0,42024533.0,57824533.0,21824533.0,0.6062370277777778,2014,dolphin tale 2,dolphin tale 2,2014.0,"Drama,Family",Drama
13,2016-12-16,Collateral Beauty,36000000.0,31016021.0,85309093.0,49309093.0,1.3696970277777778,2016,collateral beauty,collateral beauty,2016.0,"Drama,Romance",Drama
21,2011-05-06,There Be Dragons,36000000.0,1069334.0,4020990.0,-31979010.0,-0.8883058333333334,2011,there be dragons,there be dragons,2011.0,"Biography,Drama,War",Biography
24,2017-09-08,It,35000000.0,327481748.0,697457969.0,662457969.0,18.927370542857144,2017,it,it,2017.0,"Horror,Thriller",Horror
29,2010-12-22,True Grit,35000000.0,171243005.0,252276928.0,217276928.0,6.207912228571429,2010,true grit,true grit,2010.0,"Adventure,Drama,Western",Adventure
32,2013-02-08,Identity Thief,35000000.0,134506920.0,175361578.0,140361578.0,4.0103308,2013,identity thief,identity thief,2013.0,"Adventure,Comedy,Crime",Adventure
34,2011-07-08,Horrible Bosses,35000000.0,117538559.0,212417601.0,177417601.0,5.069074314285714,2011,horrible bosses,horrible bosses,2011.0,"Comedy,Crime",Comedy
36,2015-07-17,Trainwreck,35000000.0,110212700.0,141123897.0,106123897.0,3.0321113428571427,2015,trainwreck,trainwreck,2015.0,"Comedy,Drama,Romance",Comedy
37,2013-12-13,Saving Mr. Banks,35000000.0,83299761.0,114962525.0,79962525.0,2.2846435714285716,2013,saving mr. banks,saving mr. banks,2013.0,"Biography,Comedy,Drama",Biography
45,2012-12-21,This is 40,35000000.0,67544505.0,90221182.0,55221182.0,1.577748057142857,2012,this is 40,this is 40,2012.0,"Comedy,Romance",Comedy
49,2010-04-30,A Nightmare on Elm Street,35000000.0,63075011.0,117729621.0,82729621.0,2.363703457142857,2010,a nightmare on elm street,a nightmare on elm street,2010.0,"Crime,Drama,Horror",Crime
53,2010-10-08,Secretariat,35000000.0,59699513.0,60376247.0,25376247.0,0.7250356285714286,2010,secretariat,secretariat,2010.0,"Biography,Drama,Family",Biography
55,2011-07-22,Friends with Benefits,35000000.0,55802754.0,146595891.0,111595891.0,3.1884540285714285,2011,friends with benefits,friends with benefits,2011.0,"Comedy,Romance",Comedy
56,2016-05-20,Neighbors 2: Sorority Rising,35000000.0,55340730.0,108757621.0,73757621.0,2.1073606,2016,neighbors 2 sorority rising,neighbors 2 sorority rising,2016.0,Comedy,Comedy
59,2018-06-29,Sicario: Day of the Soldado,35000000.0,50065850.0,75885196.0,40885196.0,1.168148457142857,2018,sicario day of the soldado,sicario day of the soldado,2018.0,"Action,Crime,Drama",Action
62,2015-05-22,Poltergeist,35000000.0,47425125.0,95713069.0,60713069.0,1.7346591142857142,2015,poltergeist,poltergeist,2015.0,"Horror,Thriller",Horror
63,2018-10-12,Goosebumps 2: Haunted Halloween,35000000.0,46697321.0,93291478.0,58291478.0,1.6654708,2018,goosebumps 2 haunted halloween,goosebumps 2 haunted halloween,2018.0,"Adventure,Comedy,Family",Adventure
64,2018-01-19,12 Strong,35000000.0,45819713.0,71118378.0,36118378.0,1.0319536571428571,2018,12 strong,12 strong,2018.0,"Action,Drama,History",Action
72,2011-05-06,Something Borrowed,35000000.0,39046489.0,65084116.0,30084116.0,0.8595461714285715,2011,something borrowed,something borrowed,2011.0,"Comedy,Drama,Romance",Comedy
74,2011-10-28,In Time,35000000.0,37553932.0,165103952.0,130103952.0,3.7172557714285714,2011,in time,in time,2011.0,"Action,Crime,Drama",Action
75,2010-04-23,The Back-up Plan,35000000.0,37490007.0,75281179.0,40281179.0,1.1508908285714285,2010,the back-up plan,the back-up plan,2010.0,"Comedy,Romance",Comedy
76,2011-11-09,J. Edgar,35000000.0,37306030.0,84606030.0,49606030.0,1.4173151428571429,2011,j. edgar,j. edgar,2011.0,"Biography,Crime,Drama",Biography
78,2018-08-17,Mile 22,35000000.0,36108758.0,66295121.0,31295121.0,0.8941463142857143,2018,mile 22,mile 22,2018.0,"Action,Adventure,Thriller",Action
79,2015-05-08,Hot Pursuit,35000000.0,34580201.0,45671512.0,10671512.0,0.30490034285714285,2015,hot pursuit,hot pursuit,2015.0,"Action,Comedy,Crime",Action
80,2015-12-25,Concussion,35000000.0,34531832.0,50363790.0,15363790.0,0.43896542857142856,2015,concussion,concussion,2015.0,"Biography,Drama,Sport",Biography
81,2017-10-13,The Foreigner,35000000.0,34393507.0,140783360.0,105783360.0,3.0223817142857143,2017,the foreigner,the foreigner,2017.0,"Action,Thriller",Action
89,2018-06-01,Adrift,35000000.0,31445011.0,57897191.0,22897191.0,0.6542054571428572,2018,adrift,adrift,2018.0,"Action,Adventure,Biography",Action
96,2011-09-23,Abduction,35000000.0,28087155.0,86648359.0,51648359.0,1.4756674,2011,abduction,abduction,2011.0,"Action,Mystery,Thriller",Action
96,2011-09-23,Abduction,35000000.0,28087155.0,86648359.0,51648359.0,1.4756674,2011,abduction,abduction,2011.0,"Horror,Thriller",Horror
100,2012-10-19,Alex Cross,35000000.0,25888412.0,35426759.0,426759.0,0.012193114285714285,2012,alex cross,alex cross,2012.0,"Action,Crime,Mystery",Action
6,2016-03-04,Whiskey Tango Foxtrot,35000000.0,23083334.0,25350747.0,-9649253.0,-0.27569294285714285,2016,whiskey tango foxtrot,whiskey tango foxtrot,2016.0,"Biography,Comedy,Drama",Biography
8,2015-08-21,Hitman: Agent 47,35000000.0,22467450.0,82182803.0,47182803.0,1.3480800857142856,2015,hitman agent 47,hitman agent 47,2015.0,"Action,Adventure,Crime",Action
10,2012-08-24,Premium Rush,35000000.0,20275446.0,31393201.0,-3606799.0,-0.1030514,2012,premium rush,premium rush,2012.0,"Action,Crime,Thriller",Action
11,2013-01-18,Broken City,35000000.0,19701164.0,34480045.0,-519955.0,-0.014855857142857143,2013,broken city,broken city,2013.0,"Crime,Drama,Thriller",Crime
17,2010-04-30,Furry Vengeance,35000000.0,17630465.0,39340177.0,4340177.0,0.12400505714285714,2010,furry vengeance,furry vengeance,2010.0,"Comedy,Family",Comedy
18,2013-01-25,Parker,35000000.0,17616641.0,48543388.0,13543388.0,0.38695394285714285,2013,parker,parker,2013.0,"Action,Crime,Thriller",Action
24,2011-05-27,The Tree of Life,35000000.0,13305665.0,61721826.0,26721826.0,0.7634807428571428,2011,the tree of life,the tree of life,2011.0,"Drama,Fantasy",Drama
29,2014-03-28,Sabotage,35000000.0,10508518.0,18376443.0,-16623557.0,-0.4749587714285714,2014,sabotage,sabotage,2014.0,"Action,Crime,Drama",Action
32,2015-03-06,Unfinished Business,35000000.0,10219501.0,13214051.0,-21785949.0,-0.6224556857142857,2015,unfinished business,unfinished business,2015.0,"Comedy,Drama",Comedy
33,2015-09-30,The Walk,35000000.0,10161183.0,61492104.0,26492104.0,0.7569172571428572,2015,the walk,the walk,2015.0,"Crime,Thriller",Crime
33,2015-09-30,The Walk,35000000.0,10161183.0,61492104.0,26492104.0,0.7569172571428572,2015,the walk,the walk,2015.0,"Adventure,Biography,Drama",Adventure
35,2013-11-29,Mandela: Long Walk to Freedom,35000000.0,8323085.0,29890402.0,-5109598.0,-0.1459885142857143,2013,mandela long walk to freedom,mandela long walk to freedom,2013.0,"Biography,Drama,History",Biography
39,2016-03-11,The Brothers Grimsby,35000000.0,6864016.0,28720470.0,-6279530.0,-0.17941514285714286,2016,the brothers grimsby,the brothers grimsby,2016.0,"Action,Adventure,Comedy",Action
40,2017-10-20,The Snowman,35000000.0,6670765.0,43226146.0,8226146.0,0.23503274285714285,2017,the snowman,the snowman,2017.0,"Crime,Drama,Mystery",Crime
47,2016-04-22,A Hologram for the King,35000000.0,4212494.0,11846010.0,-23153990.0,-0.6615425714285714,2016,a hologram for the king,a hologram for the king,2016.0,"Comedy,Drama,Romance",Comedy
53,2012-09-14,Stolen,35000000.0,289773.0,17967746.0,-17032254.0,-0.48663582857142856,2012,stolen,stolen,2012.0,"Action,Crime,Thriller",Action
54,2011-10-14,Trespass,35000000.0,16816.0,786532.0,-34213468.0,-0.9775276571428572,2011,trespass,trespass,2011.0,"Crime,Drama,Thriller",Crime
58,2011-12-25,The Darkest Hour,34800000.0,21443494.0,62831715.0,28031715.0,0.8055090517241379,2011,the darkest hour,the darkest hour,2011.0,"Action,Adventure,Horror",Action
59,2017-06-28,Baby Driver,34000000.0,107825862.0,228104185.0,194104185.0,5.708946617647059,2017,baby driver,baby driver,2017.0,"Action,Crime,Drama",Action
60,2014-09-19,The Maze Runner,34000000.0,102427862.0,348319861.0,314319861.0,9.244701794117647,2014,the maze runner,the maze runner,2014.0,"Action,Mystery,Sci-Fi",Action
61,2015-04-10,The Longest Ride,34000000.0,37446117.0,63802928.0,29802928.0,0.8765567058823529,2015,the longest ride,the longest ride,2015.0,"Drama,Romance",Drama
64,2018-08-03,The Darkest Minds,34000000.0,12695691.0,38361428.0,4361428.0,0.12827729411764707,2018,the darkest minds,the darkest minds,2018.0,"Action,Adventure,Drama",Action
73,2016-07-08,Mike and Dave Need Wedding Dates,33000000.0,46009673.0,75898100.0,42898100.0,1.2999424242424242,2016,mike and dave need wedding dates,mike and dave need wedding dates,2016.0,"Adventure,Comedy,Romance",Adventure
74,2012-07-27,Step Up Revolution,33000000.0,35074677.0,165552290.0,132552290.0,4.0167360606060605,2012,step up revolution,step up revolution,2012.0,"Drama,Music,Romance",Drama
78,2012-04-27,Safe,33000000.0,17142080.0,41495213.0,8495213.0,0.25743069696969695,2012,safe,safe,2012.0,"Action,Crime,Thriller",Action
83,2015-10-30,Freaks of Nature,33000000.0,70958.0,70958.0,-32929042.0,-0.9978497575757576,2015,freaks of nature,freaks of nature,2015.0,"Comedy,Horror,Sci-Fi",Comedy
85,2011-05-13,Bridesmaids,32500000.0,169211718.0,289632023.0,257132023.0,7.911754553846154,2011,bridesmaids,bridesmaids,2011.0,"Comedy,Romance",Comedy
87,2013-04-26,The Big Wedding,32500000.0,21819348.0,48425971.0,15925971.0,0.4900298769230769,2013,the big wedding,the big wedding,2013.0,"Comedy,Drama,Romance",Comedy
88,2012-02-24,Wanderlust,32500000.0,17288155.0,24159934.0,-8340066.0,-0.2566174153846154,2012,wanderlust,wanderlust,2012.0,"Comedy,Romance",Comedy
91,2013-06-12,This is the End,32000000.0,101470202.0,126539117.0,94539117.0,2.95434740625,2013,this is the end,this is the end,2013.0,"Comedy,Fantasy",Comedy
95,2010-08-27,Takers,32000000.0,57744720.0,70587268.0,38587268.0,1.205852125,2010,takers,takers,2010.0,"Action,Crime,Thriller",Action
96,2011-04-01,Source Code,32000000.0,54712227.0,140428499.0,108428499.0,3.38839059375,2011,source code,source code,2011.0,"Action,Drama,Sci-Fi",Action
99,2018-04-20,I Feel Pretty,32000000.0,48795601.0,91553797.0,59553797.0,1.86105615625,2018,i feel pretty,i feel pretty,2018.0,"Comedy,Romance",Comedy
1,2011-02-18,"Big Mommas: Like Father, Like Son",32000000.0,37915414.0,82332450.0,50332450.0,1.5728890625,2011,"big mommas like father, like son","big mommas like father, like son",2011.0,"Action,Comedy,Crime",Action
7,2013-03-15,The Incredible Burt Wonderstone,32000000.0,22537881.0,27392609.0,-4607391.0,-0.14398096875,2013,the incredible burt wonderstone,the incredible burt wonderstone,2013.0,"Adventure,Comedy,Fantasy",Adventure
10,2018-10-12,Bad Times at the El Royale,32000000.0,17839115.0,29204379.0,-2795621.0,-0.08736315625,2018,bad times at the el royale,bad times at the el royale,2018.0,"Crime,Drama,Mystery",Crime
11,2010-09-03,Going the Distance,32000000.0,17804299.0,43603990.0,11603990.0,0.3626246875,2010,going the distance,going the distance,2010.0,"Comedy,Romance",Comedy
13,2010-03-19,Repo Men,32000000.0,13942007.0,18195238.0,-13804762.0,-0.4313988125,2010,repo men,repo men,2010.0,"Action,Crime,Sci-Fi",Action
21,2016-04-15,Criminal,31500000.0,14708696.0,38771262.0,7271262.0,0.23083371428571428,2016,criminal,criminal,2016.0,"Action,Crime,Drama",Action
22,2013-04-12,42,31000000.0,95020213.0,97470701.0,66470701.0,2.1442161612903226,2013,42,42,2013.0,"Biography,Drama,Sport",Biography
23,2012-11-02,Flight,31000000.0,93772375.0,160558438.0,129558438.0,4.179304451612904,2012,flight,flight,2012.0,"Drama,Thriller",Drama
27,2014-03-07,The Grand Budapest Hotel,31000000.0,59076019.0,163981261.0,132981261.0,4.289718096774194,2014,the grand budapest hotel,the grand budapest hotel,2014.0,"Adventure,Comedy,Crime",Adventure
28,2015-07-29,Vacation,31000000.0,58884188.0,102306500.0,71306500.0,2.300209677419355,2015,vacation,vacation,2015.0,"Adventure,Comedy",Adventure
33,2010-01-22,Extraordinary Measures,31000000.0,12482741.0,15826984.0,-15173016.0,-0.48945212903225804,2010,extraordinary measures,extraordinary measures,2010.0,Drama,Drama
38,2018-08-15,Crazy Rich Asians,30000000.0,174532921.0,238099711.0,208099711.0,6.936657033333334,2018,crazy rich asians,crazy rich asians,2018.0,"Comedy,Romance",Comedy
42,2012-02-10,The Vow,30000000.0,125014030.0,197618160.0,167618160.0,5.587272,2012,the vow,the vow,2012.0,"Drama,Romance",Drama
45,2013-08-16,Lee Daniels' The Butler,30000000.0,116632095.0,177025498.0,147025498.0,4.900849933333333,2013,lee daniels' the butler,lee daniels' the butler,2013.0,"Biography,Drama",Biography
57,2015-12-18,Sisters,30000000.0,87044645.0,106030660.0,76030660.0,2.5343553333333335,2015,sisters,sisters,2015.0,Comedy,Comedy
57,2015-12-18,Sisters,30000000.0,87044645.0,106030660.0,76030660.0,2.5343553333333335,2015,sisters,sisters,2015.0,"Biography,Documentary,Music",Biography
69,2012-09-28,Looper,30000000.0,66486205.0,170466405.0,140466405.0,4.6822135,2012,looper,looper,2012.0,"Action,Crime,Drama",Action
70,2013-02-01,Warm Bodies,30000000.0,66380662.0,115121608.0,85121608.0,2.8373869333333332,2013,warm bodies,warm bodies,2013.0,"Comedy,Horror,Romance",Comedy
72,2014-01-17,The Nut Job,30000000.0,64251538.0,122529966.0,92529966.0,3.0843322,2014,the nut job,the nut job,2014.0,"Adventure,Animation,Comedy",Adventure
75,2012-08-08,Hope Springs,30000000.0,63536011.0,133085295.0,103085295.0,3.4361765,2012,hope springs,hope springs,2012.0,"Comedy,Drama,Romance",Comedy
83,2011-05-20,Midnight in Paris,30000000.0,56816662.0,162502774.0,132502774.0,4.416759133333334,2011,midnight in paris,midnight in paris,2011.0,"Comedy,Fantasy,Romance",Comedy
84,2017-11-22,Darkest Hour,30000000.0,56443120.0,150807172.0,120807172.0,4.026905733333333,2017,darkest hour,darkest hour,2017.0,"Biography,Drama,History",Biography
88,2018-05-11,Life of the Party,30000000.0,53059911.0,65759911.0,35759911.0,1.1919970333333334,2018,life of the party,life of the party,2018.0,Comedy,Comedy
89,2010-05-14,Letters to Juliet,30000000.0,53032453.0,82148538.0,52148538.0,1.7382846,2010,letters to juliet,letters to juliet,2010.0,"Adventure,Comedy,Drama",Adventure
92,2015-07-24,Southpaw,30000000.0,52421953.0,94156456.0,64156456.0,2.138548533333333,2015,southpaw,southpaw,2015.0,"Drama,Sport",Drama
94,2017-07-28,Atomic Blonde,30000000.0,51573925.0,98345423.0,68345423.0,2.2781807666666665,2017,atomic blonde,atomic blonde,2017.0,"Action,Mystery,Thriller",Action
100,2015-09-18,Sicario,30000000.0,46889293.0,84393749.0,54393749.0,1.8131249666666667,2015,sicario,sicario,2015.0,"Action,Crime,Drama",Action
3,2018-01-19,Den of Thieves,30000000.0,44947622.0,80131391.0,50131391.0,1.6710463666666666,2018,den of thieves,den of thieves,2018.0,"Action,Crime,Drama",Action
4,2012-04-13,The Three Stooges,30000000.0,44338224.0,54052249.0,24052249.0,0.8017416333333334,2012,the three stooges,the three stooges,2012.0,"Comedy,Family",Comedy
6,2014-10-24,John Wick,30000000.0,43037835.0,76235001.0,46235001.0,1.5411667,2014,john wick,john wick,2014.0,"Action,Crime,Thriller",Action
8,2015-04-24,The Age of Adaline,30000000.0,42629776.0,68984536.0,38984536.0,1.2994845333333334,2015,the age of adaline,the age of adaline,2015.0,"Drama,Fantasy,Romance",Drama
9,2010-08-06,Step Up 3D,30000000.0,42400223.0,165889117.0,135889117.0,4.529637233333333,2010,step up 3d,step up 3d,2010.0,"Drama,Music,Romance",Drama
14,2011-04-08,Hanna,30000000.0,40259119.0,65343694.0,35343694.0,1.1781231333333333,2011,hanna,hanna,2011.0,"Action,Drama,Thriller",Action
22,2013-09-13,The Family,30000000.0,36918811.0,51078541.0,21078541.0,0.7026180333333333,2013,the family,the family,2013.0,"Comedy,Crime,Thriller",Comedy
22,2013-09-13,The Family,30000000.0,36918811.0,51078541.0,21078541.0,0.7026180333333333,2013,the family,the family,2013.0,"Comedy,Crime,Drama",Comedy
23,2018-02-09,The 15:17 to Paris,30000000.0,36276286.0,56096200.0,26096200.0,0.8698733333333334,2018,the 1517 to paris,the 1517 to paris,2018.0,"Biography,Drama,Thriller",Biography
25,2011-07-01,Larry Crowne,30000000.0,35608245.0,61449135.0,31449135.0,1.0483045,2011,larry crowne,larry crowne,2011.0,"Comedy,Drama,Romance",Comedy
26,2013-10-18,Carrie,30000000.0,35266619.0,82409520.0,52409520.0,1.746984,2013,carrie,carrie,2013.0,"Drama,Horror",Drama
28,2018-03-02,Death Wish,30000000.0,34017028.0,48575965.0,18575965.0,0.6191988333333334,2018,death wish,death wish,2018.0,"Action,Crime,Drama",Action
30,2015-06-03,Entourage,30000000.0,32363404.0,46438538.0,16438538.0,0.5479512666666667,2015,entourage,entourage,2015.0,Comedy,Comedy
32,2013-02-08,Side Effects,30000000.0,32172757.0,66742138.0,36742138.0,1.2247379333333333,2013,side effects,side effects,2013.0,"Crime,Drama,Mystery",Crime
34,2014-07-02,Deliver Us from Evil,30000000.0,30577122.0,87956618.0,57956618.0,1.9318872666666667,2014,deliver us from evil,deliver us from evil,2014.0,"Horror,Mystery,Thriller",Horror
35,2014-08-01,Get on Up,30000000.0,30569935.0,33339868.0,3339868.0,0.11132893333333334,2014,get on up,get on up,2014.0,"Biography,Drama,Music",Biography
37,2012-04-27,The Five-Year Engagement,30000000.0,28700285.0,61623819.0,31623819.0,1.0541273,2012,the five-year engagement,the five-year engagement,2012.0,"Comedy,Romance",Comedy
39,2011-07-15,Winnie the Pooh,30000000.0,26692846.0,50145607.0,20145607.0,0.6715202333333333,2011,winnie the pooh,winnie the pooh,2011.0,"Adventure,Animation,Comedy",Adventure
42,2018-09-14,White Boy Rick,30000000.0,24004833.0,25947983.0,-4052017.0,-0.13506723333333334,2018,white boy rick,white boy rick,2018.0,"Crime,Drama",Crime
45,2011-02-04,Sanctum,30000000.0,23209310.0,108957098.0,78957098.0,2.631903266666667,2011,sanctum,sanctum,2011.0,"Adventure,Drama,Thriller",Adventure
49,2010-11-19,The Next Three Days,30000000.0,21148651.0,67255916.0,37255916.0,1.2418638666666666,2010,the next three days,the next three days,2010.0,"Action,Crime,Drama",Action
50,2018-01-12,Proud Mary,30000000.0,20868638.0,21709539.0,-8290461.0,-0.2763487,2018,proud mary,proud mary,2018.0,"Action,Crime,Drama",Action
53,2013-10-04,Runner Runner,30000000.0,19316646.0,60512680.0,30512680.0,1.0170893333333333,2013,runner runner,runner runner,2013.0,"Crime,Thriller",Crime
55,2017-04-28,Baahubali 2: The Conclusion,30000000.0,18985794.0,263502914.0,233502914.0,7.783430466666666,2017,baahubali 2 the conclusion,baahubali 2 the conclusion,2017.0,"Action,Drama",Action
58,2011-08-19,Fright Night,30000000.0,18298649.0,40520649.0,10520649.0,0.3506883,2011,fright night,fright night,2011.0,"Comedy,Horror",Comedy
59,2017-09-15,mother!,30000000.0,17800004.0,42531076.0,12531076.0,0.41770253333333335,2017,mother,mother,2017.0,"Drama,Horror,Mystery",Drama
60,2015-10-09,Steve Jobs,30000000.0,17766658.0,35579007.0,5579007.0,0.1859669,2015,steve jobs,steve jobs,2015.0,"Biography,Drama",Biography
74,2013-01-18,The Last Stand,30000000.0,12050299.0,48330757.0,18330757.0,0.6110252333333334,2013,the last stand,the last stand,2013.0,"Action,Thriller",Action
78,2013-03-08,Dead Man Down,30000000.0,10895295.0,19599974.0,-10400026.0,-0.34666753333333333,2013,dead man down,dead man down,2013.0,"Action,Crime,Drama",Action
79,2011-04-29,Hoodwinked Too: Hood vs. Evil,30000000.0,10143779.0,23353111.0,-6646889.0,-0.22156296666666667,2011,hoodwinked too hood vs. evil,hoodwinked too hood vs. evil,2011.0,"Animation,Comedy,Crime",Animation
84,2017-02-03,The Space Between Us,30000000.0,7885294.0,16481405.0,-13518595.0,-0.45061983333333333,2017,the space between us,the space between us,2017.0,"Adventure,Drama,Romance",Adventure
88,2018-08-31,Kin,30000000.0,5718096.0,10096821.0,-19903179.0,-0.6634393,2018,kin,kin,2018.0,"Action,Drama,Sci-Fi",Action
90,2017-09-22,Stronger,30000000.0,4211129.0,8786752.0,-21213248.0,-0.7071082666666667,2017,stronger,stronger,2017.0,"Biography,Drama",Biography
90,2017-09-22,Stronger,30000000.0,4211129.0,8786752.0,-21213248.0,-0.7071082666666667,2017,stronger,stronger,2017.0,Drama,Drama
98,2019-06-14,Shaft,30000000.0,600000.0,600000.0,-29400000.0,-0.98,2019,shaft,shaft,2019.0,"Action,Comedy,Crime",Action
99,2011-09-23,Machine Gun Preacher,30000000.0,538690.0,3721988.0,-26278012.0,-0.8759337333333334,2011,machine gun preacher,machine gun preacher,2011.0,"Action,Biography,Crime",Action
5,2015-01-30,Wild Card,30000000.0,3200.0,4315789.0,-25684211.0,-0.8561403666666667,2015,wild card,wild card,2015.0,"Action,Crime,Drama",Action
14,2015-05-15,Pitch Perfect 2,29000000.0,184296230.0,287625468.0,258625468.0,8.918119586206897,2015,pitch perfect 2,pitch perfect 2,2015.0,"Comedy,Music",Comedy
16,2018-09-28,Night School,29000000.0,77339130.0,103008792.0,74008792.0,2.5520273103448274,2018,night school,night school,2018.0,Comedy,Comedy
17,2016-04-08,The Boss,29000000.0,63077560.0,78652207.0,49652207.0,1.7121450689655173,2016,the boss,the boss,2016.0,Comedy,Comedy
21,2017-08-18,Logan Lucky,29000000.0,27778642.0,44264271.0,15264271.0,0.5263541724137931,2017,logan lucky,logan lucky,2017.0,"Comedy,Crime,Drama",Comedy
22,2016-08-12,Florence Foster Jenkins,29000000.0,27383770.0,56000339.0,27000339.0,0.9310461724137931,2016,florence foster jenkins,florence foster jenkins,2016.0,"Biography,Comedy,Drama",Biography
35,2015-08-14,Straight Outta Compton,28000000.0,161197785.0,202182981.0,174182981.0,6.22082075,2015,straight outta compton,straight outta compton,2015.0,"Biography,Drama,History",Biography
36,2017-07-21,Girls Trip,28000000.0,115108515.0,140886353.0,112886353.0,4.0316554642857145,2017,girls trip,girls trip,2017.0,"Comedy,Drama",Comedy
40,2017-11-01,A Bad Moms Christmas,28000000.0,72110659.0,127710550.0,99710550.0,3.5610910714285713,2017,a bad moms christmas,a bad moms christmas,2017.0,"Adventure,Comedy",Adventure
41,2013-02-14,Safe Haven,28000000.0,71399120.0,94050951.0,66050951.0,2.358962535714286,2013,safe haven,safe haven,2013.0,"Drama,Romance,Thriller",Drama
42,2015-12-11,The Big Short,28000000.0,70259870.0,133162752.0,105162752.0,3.7558125714285713,2015,the big short,the big short,2015.0,"Biography,Comedy,Drama",Biography
44,2014-10-10,"Alexander and the Terrible, Horrible, No Good, Very Bad Day",28000000.0,66954149.0,101379287.0,73379287.0,2.6206888214285713,2014,"alexander and the terrible, horrible, no good, very bad day","alexander and the terrible, horrible, no good, very bad day",2014.0,"Comedy,Family",Comedy
46,2013-01-28,Last Vegas,28000000.0,63914167.0,112914167.0,84914167.0,3.0326488214285714,2013,last vegas,last vegas,2013.0,"Comedy,Drama",Comedy
50,2018-06-15,Tag,28000000.0,54730625.0,77026186.0,49026186.0,1.7509352142857142,2018,tag,tag,2018.0,Comedy,Comedy
54,2010-04-16,Kick-Ass,28000000.0,48071303.0,97531134.0,69531134.0,2.4832547857142857,2010,kick-ass,kick-ass,2010.0,"Action,Comedy",Action
60,2011-08-12,30 Minutes or Less,28000000.0,37053924.0,40966716.0,12966716.0,0.463097,2011,30 minutes or less,30 minutes or less,2011.0,"Action,Comedy,Crime",Action
64,2014-02-21,3 Days to Kill,28000000.0,30697999.0,38959900.0,10959900.0,0.391425,2014,3 days to kill,3 days to kill,2014.0,"Action,Drama,Thriller",Action
65,2013-08-16,Kick-Ass 2,28000000.0,28795985.0,63129909.0,35129909.0,1.2546396071428572,2013,kick-ass 2,kick-ass 2,2013.0,"Action,Comedy,Crime",Action
67,2014-09-19,A Walk Among the Tombstones,28000000.0,26017685.0,62108587.0,34108587.0,1.2181638214285715,2014,a walk among the tombstones,a walk among the tombstones,2014.0,"Action,Crime,Drama",Action
68,2010-01-15,The Spy Next Door,28000000.0,24307106.0,46752858.0,18752858.0,0.6697449285714285,2010,the spy next door,the spy next door,2010.0,"Action,Comedy,Family",Action
69,2014-04-25,Brick Mansions,28000000.0,20396829.0,73421224.0,45421224.0,1.6221865714285715,2014,brick mansions,brick mansions,2014.0,"Action,Crime",Action
72,2015-08-21,American Ultra,28000000.0,14439985.0,30295028.0,2295028.0,0.08196528571428571,2015,american ultra,american ultra,2015.0,"Action,Comedy,Sci-Fi",Action
74,2016-02-05,Pride and Prejudice and Zombies,28000000.0,10907291.0,16638300.0,-11361700.0,-0.405775,2016,pride and prejudice and zombies,pride and prejudice and zombies,2016.0,"Action,Comedy,Horror",Action
78,2015-10-30,Our Brand is Crisis,28000000.0,7002261.0,8594558.0,-19405442.0,-0.6930515,2015,our brand is crisis,our brand is crisis,2015.0,"Comedy,Drama",Comedy
86,2012-01-13,Joyful Noise,27500000.0,30932113.0,31157914.0,3657914.0,0.13301505454545454,2012,joyful noise,joyful noise,2012.0,"Comedy,Drama,Music",Comedy
90,2011-10-28,Anonymous,27500000.0,4463292.0,15815509.0,-11684491.0,-0.42489058181818185,2011,anonymous,anonymous,2011.0,"Drama,Thriller",Drama
91,2011-03-18,Limitless,27000000.0,79249455.0,155564919.0,128564919.0,4.761663666666666,2011,limitless,limitless,2011.0,"Mystery,Sci-Fi,Thriller",Mystery
98,2016-05-13,Money Monster,27000000.0,41012075.0,93466095.0,66466095.0,2.461707222222222,2016,money monster,money monster,2016.0,"Crime,Drama,Thriller",Crime
33,2013-04-26,Pain & Gain,26000000.0,49875291.0,81275291.0,55275291.0,2.125972730769231,2013,pain & gain,pain & gain,2013.0,"Action,Comedy,Crime",Action
37,2010-01-22,Legion,26000000.0,40168080.0,67647574.0,41647574.0,1.6018297692307693,2010,legion,legion,2010.0,"Action,Fantasy,Horror",Action
38,2012-08-29,Lawless,26000000.0,37397291.0,54393687.0,28393687.0,1.0920648846153846,2012,lawless,lawless,2012.0,"Crime,Drama",Crime
42,2014-10-17,The Best of Me,26000000.0,26766213.0,41059418.0,15059418.0,0.5792083846153846,2014,the best of me,the best of me,2014.0,"Drama,Romance",Drama
45,2012-04-27,The Raven,26000000.0,16008272.0,30601801.0,4601801.0,0.17699234615384615,2012,the raven,the raven,2012.0,"Crime,Mystery,Thriller",Crime
48,2015-07-10,Self/Less,26000000.0,12279691.0,33667319.0,7667319.0,0.2948968846153846,2015,self/less,self/less,2015.0,"Action,Mystery,Sci-Fi",Action
50,2013-10-18,The Fifth Estate,26000000.0,3254172.0,6154172.0,-19845828.0,-0.7633010769230769,2013,the fifth estate,the fifth estate,2013.0,"Biography,Drama,Thriller",Biography
52,2014-03-21,Blood Ties,26000000.0,42472.0,2923959.0,-23076041.0,-0.8875400384615385,2014,blood ties,blood ties,2014.0,Documentary,Documentary
55,2015-03-17,Accidental Love,26000000.0,0.0,135436.0,-25864564.0,-0.9947909230769231,2015,accidental love,accidental love,2015.0,"Comedy,Romance",Comedy
63,2011-08-10,The Help,25000000.0,169705587.0,213120004.0,188120004.0,7.52480016,2011,the help,the help,2011.0,Drama,Drama
64,2016-12-25,Hidden Figures,25000000.0,169607287.0,231771716.0,206771716.0,8.27086864,2016,hidden figures,hidden figures,2016.0,"Biography,Drama,History",Biography
67,2014-01-17,Ride Along,25000000.0,134202565.0,153733800.0,128733800.0,5.149352,2014,ride along,ride along,2014.0,"Action,Comedy,Crime",Action
77,2010-02-05,Dear John,25000000.0,80014842.0,142033509.0,117033509.0,4.68134036,2010,dear john,dear john,2010.0,"Drama,Romance,War",Drama
79,2012-12-25,Parental Guidance,25000000.0,77267296.0,120832383.0,95832383.0,3.83329532,2012,parental guidance,parental guidance,2012.0,"Comedy,Family",Comedy
84,2011-01-21,No Strings Attached,25000000.0,70662220.0,149228078.0,124228078.0,4.96912312,2011,no strings attached,no strings attached,2011.0,"Comedy,Romance",Comedy
85,2012-01-13,Contraband,25000000.0,66528000.0,98406855.0,73406855.0,2.9362742,2012,contraband,contraband,2012.0,"Action,Crime,Drama",Action
87,2012-04-20,The Lucky One,25000000.0,60457138.0,96633833.0,71633833.0,2.86535332,2012,the lucky one,the lucky one,2012.0,"Drama,Romance",Drama
92,2011-04-22,Madea's Big Happy Family,25000000.0,53345287.0,54160818.0,29160818.0,1.16643272,2011,madea's big happy family,madea's big happy family,2011.0,"Comedy,Drama",Comedy
2,2014-08-15,The Giver,25000000.0,45090374.0,66540205.0,41540205.0,1.6616082,2014,the giver,the giver,2014.0,"Drama,Romance,Sci-Fi",Drama
6,2015-11-20,The Night Before,25000000.0,43035725.0,52427346.0,27427346.0,1.09709384,2015,the night before,the night before,2015.0,"Adventure,Comedy,Fantasy",Adventure
6,2015-11-20,The Night Before,25000000.0,43035725.0,52427346.0,27427346.0,1.09709384,2015,the night before,the night before,2015.0,Documentary,Documentary
15,2013-12-25,August: Osage County,25000000.0,37738810.0,50738810.0,25738810.0,1.0295524,2013,august osage county,august osage county,2013.0,"Comedy,Drama",Comedy
17,2014-05-16,Million Dollar Arm,25000000.0,36447959.0,39217912.0,14217912.0,0.56871648,2014,million dollar arm,million dollar arm,2014.0,"Biography,Drama,Sport",Biography
21,2018-09-07,Peppermint,25000000.0,35418723.0,51800758.0,26800758.0,1.07203032,2018,peppermint,peppermint,2018.0,"Action,Crime,Drama",Action
25,2014-12-10,The Gambler,25000000.0,33680992.0,38718031.0,13718031.0,0.54872124,2014,the gambler,the gambler,2014.0,"Crime,Drama,Thriller",Crime
29,2017-02-17,Fist Fight,25000000.0,32187017.0,40286416.0,15286416.0,0.61145664,2017,fist fight,fist fight,2017.0,Comedy,Comedy
32,2011-12-09,The Sitter,25000000.0,30542576.0,38749404.0,13749404.0,0.54997616,2011,the sitter,the sitter,2011.0,Comedy,Comedy
36,2014-04-11,Draft Day,25000000.0,28842237.0,29847480.0,4847480.0,0.1938992,2014,draft day,draft day,2014.0,"Drama,Sport",Drama
38,2017-02-03,Rings,25000000.0,27793018.0,82917283.0,57917283.0,2.31669132,2017,rings,rings,2017.0,"Drama,Horror,Mystery",Drama
44,2010-04-23,The Losers,25000000.0,23591432.0,29863840.0,4863840.0,0.1945536,2010,the losers,the losers,2010.0,"Action,Adventure,Crime",Action
50,2011-02-11,The Eagle,25000000.0,19490041.0,38993548.0,13993548.0,0.55974192,2011,the eagle,the eagle,2011.0,"Action,Adventure,Drama",Action
52,2011-09-02,Shark Night 3D,25000000.0,18877153.0,18877153.0,-6122847.0,-0.24491388,2011,shark night 3d,shark night 3d,2011.0,"Horror,Thriller",Horror
53,2017-03-24,CHiPS,25000000.0,18600152.0,23190292.0,-1809708.0,-0.07238832,2017,chips,chips,2017.0,"Action,Comedy,Crime",Action
56,2017-12-22,Father Figures,25000000.0,17501244.0,21038441.0,-3961559.0,-0.15846236,2017,father figures,father figures,2017.0,"Adventure,Comedy,Drama",Adventure
58,2013-10-25,The Counselor,25000000.0,16973715.0,71009334.0,46009334.0,1.84037336,2013,the counselor,the counselor,2013.0,"Crime,Drama,Thriller",Crime
60,2018-12-07,Mary Queen of Scots,25000000.0,16468499.0,46734733.0,21734733.0,0.86938932,2018,mary queen of scots,mary queen of scots,2018.0,"Biography,Drama,History",Biography
68,2010-10-08,My Soul to Take,25000000.0,14744435.0,16727470.0,-8272530.0,-0.3309012,2010,my soul to take,my soul to take,2010.0,"Horror,Mystery,Thriller",Horror
74,2011-09-09,Warrior,25000000.0,13657115.0,24215385.0,-784615.0,-0.0313846,2011,warrior,warrior,2011.0,"Drama,Sport",Drama
76,2017-09-22,Battle of the Sexes,25000000.0,12638526.0,18445379.0,-6554621.0,-0.26218484,2017,battle of the sexes,battle of the sexes,2017.0,"Biography,Comedy,Drama",Biography
77,2012-12-21,Cirque du Soleil: Worlds Away,25000000.0,12512862.0,28012862.0,3012862.0,0.12051448,2012,cirque du soleil worlds away,cirque du soleil worlds away,2012.0,Fantasy,Fantasy
78,2015-11-13,The 33,25000000.0,12227722.0,28400715.0,3400715.0,0.1360286,2015,the 33,the 33,2015.0,"Biography,Drama,History",Biography
88,2011-09-16,Straw Dogs,25000000.0,10324441.0,11253821.0,-13746179.0,-0.54984716,2011,straw dogs,straw dogs,2011.0,"Action,Drama,Thriller",Action
93,2019-01-25,Serenity,25000000.0,8547045.0,11367029.0,-13632971.0,-0.54531884,2019,serenity,serenity,2019.0,"Drama,Mystery,Sci-Fi",Drama
95,2018-10-12,Beautiful Boy,25000000.0,7634767.0,13031424.0,-11968576.0,-0.47874304,2018,beautiful boy,beautiful boy,2018.0,"Biography,Drama",Biography
97,2019-03-15,Captive State,25000000.0,5958315.0,8993300.0,-16006700.0,-0.640268,2019,captive state,captive state,2019.0,"Sci-Fi,Thriller",Sci-Fi
6,2018-04-13,Sgt. Stubby: An American Hero,25000000.0,3054285.0,3645957.0,-21354043.0,-0.85416172,2018,sgt. stubby an american hero,sgt. stubby an american hero,2018.0,"Adventure,Animation,Family",Adventure
7,2011-12-16,Carnage,25000000.0,2546747.0,38112154.0,13112154.0,0.52448616,2011,carnage,carnage,2011.0,"Comedy,Drama",Comedy
8,2017-09-01,Tulip Fever,25000000.0,2455635.0,6792768.0,-18207232.0,-0.72828928,2017,tulip fever,tulip fever,2017.0,"Drama,History,Romance",Drama
10,2015-11-20,Legend,25000000.0,1872994.0,42425450.0,17425450.0,0.697018,2015,legend,legend,2015.0,"Biography,Crime,Drama",Biography
17,2013-03-22,On the Road,25000000.0,720828.0,9313302.0,-15686698.0,-0.62746792,2013,on the road,on the road,2013.0,Documentary,Documentary
19,2010-06-30,Love Ranch,25000000.0,137885.0,146149.0,-24853851.0,-0.99415404,2010,love ranch,love ranch,2010.0,"Biography,Comedy,Drama",Biography
25,2011-07-08,Ironclad,25000000.0,0.0,5297411.0,-19702589.0,-0.78810356,2011,ironclad,ironclad,2011.0,"Action,Adventure,Drama",Action
26,2019-05-10,The Professor and the Madman,25000000.0,0.0,5227233.0,-19772767.0,-0.79091068,2019,the professor and the madman,the professor and the madman,2019.0,"Biography,Drama,Mystery",Biography
31,2012-11-09,Dangerous Liaisons,24200000.0,17000.0,10447579.0,-13752421.0,-0.5682818595041322,2012,dangerous liaisons,dangerous liaisons,2012.0,"Drama,Mystery,Romance",Drama
36,2014-06-20,Think Like a Man Too,24000000.0,65028687.0,70027933.0,46027933.0,1.9178305416666668,2014,think like a man too,think like a man too,2014.0,"Comedy,Romance",Comedy
37,2016-12-16,Fences,24000000.0,57682904.0,64282881.0,40282881.0,1.678453375,2016,fences,fences,2016.0,Drama,Drama
39,2011-10-14,Footloose,24000000.0,51802742.0,62989834.0,38989834.0,1.6245764166666667,2011,footloose,footloose,2011.0,"Comedy,Drama,Music",Comedy
40,2017-04-07,Going in Style,24000000.0,45018541.0,78672579.0,54672579.0,2.278024125,2017,going in style,going in style,2017.0,"Comedy,Crime",Comedy
52,2010-08-20,Piranha 3D,24000000.0,25003155.0,83660160.0,59660160.0,2.48584,2010,piranha 3d,piranha 3d,2010.0,"Comedy,Horror",Comedy
53,2010-11-24,Faster,24000000.0,23240020.0,35792945.0,11792945.0,0.49137270833333335,2010,faster,faster,2010.0,"Action,Crime,Drama",Action
58,2011-09-16,I Don't Know How She Does It,24000000.0,9659074.0,24474463.0,474463.0,0.019769291666666668,2011,i don't know how she does it,i don't know how she does it,2011.0,"Comedy,Romance",Comedy
60,2013-12-20,Dhoom 3,24000000.0,8031955.0,11723620.0,-12276380.0,-0.5115158333333333,2013,dhoom 3,dhoom 3,2013.0,"Action,Thriller",Action
71,2018-11-16,Green Book,23000000.0,85080171.0,322034439.0,299034439.0,13.001497347826087,2018,green book,green book,2018.0,"Biography,Comedy,Drama",Biography
73,2015-01-16,The Wedding Ringer,23000000.0,64460211.0,80171596.0,57171596.0,2.4857215652173914,2015,the wedding ringer,the wedding ringer,2015.0,Comedy,Comedy
76,2011-10-07,The Ides of March,23000000.0,40962534.0,77735925.0,54735925.0,2.3798228260869565,2011,the ides of march,the ides of march,2011.0,"Drama,Thriller",Drama
78,2018-10-05,The Hate U Give,23000000.0,29719483.0,35067665.0,12067665.0,0.5246810869565217,2018,the hate u give,the hate u give,2018.0,"Crime,Drama",Crime
97,2013-06-28,Redemption,23000000.0,36686.0,13593473.0,-9406527.0,-0.4089794347826087,2013,redemption,redemption,2013.0,"Action,Crime,Drama",Action
97,2013-06-28,Redemption,23000000.0,36686.0,13593473.0,-9406527.0,-0.4089794347826087,2013,redemption,redemption,2013.0,"Drama,Music,Thriller",Drama
97,2013-06-28,Redemption,23000000.0,36686.0,13593473.0,-9406527.0,-0.4089794347826087,2013,redemption,redemption,2013.0,"Family,Horror,Romance",Family
97,2013-06-28,Redemption,23000000.0,36686.0,13593473.0,-9406527.0,-0.4089794347826087,2013,redemption,redemption,2013.0,"Drama,Mystery,Thriller",Drama
3,2016-11-18,Nocturnal Animals,22500000.0,10663357.0,32398681.0,9898681.0,0.43994137777777775,2016,nocturnal animals,nocturnal animals,2016.0,"Drama,Thriller",Drama
11,2014-02-28,Son of God,22000000.0,59700064.0,70949793.0,48949793.0,2.224990590909091,2014,son of god,son of god,2014.0,"Biography,Drama,History",Biography
13,2014-08-08,The Hundred-Foot Journey,22000000.0,54235441.0,94270488.0,72270488.0,3.285022181818182,2014,the hundred-foot journey,the hundred-foot journey,2014.0,"Comedy,Drama",Comedy
17,2012-08-03,Diary of a Wimpy Kid: Dog Days,22000000.0,49008662.0,77229695.0,55229695.0,2.510440681818182,2012,diary of a wimpy kid dog days,diary of a wimpy kid dog days,2012.0,"Comedy,Family",Comedy
21,2013-11-22,Delivery Man,22000000.0,30659817.0,70536870.0,48536870.0,2.2062213636363635,2013,delivery man,delivery man,2013.0,"Comedy,Drama",Comedy
22,2016-02-05,"Hail, Caesar!",22000000.0,30080225.0,64160680.0,42160680.0,1.9163945454545455,2016,"hail, caesar","hail, caesar",2016.0,"Comedy,Drama,Music",Comedy
27,2017-05-19,Diary of a Wimpy Kid: The Long Haul,22000000.0,20738724.0,35609577.0,13609577.0,0.6186171363636364,2017,diary of a wimpy kid the long haul,diary of a wimpy kid the long haul,2017.0,"Comedy,Family",Comedy
29,2013-11-27,Homefront,22000000.0,20158492.0,51695362.0,29695362.0,1.3497891818181817,2013,homefront,homefront,2013.0,"Action,Thriller",Action
29,2013-11-27,Homefront,22000000.0,20158492.0,51695362.0,29695362.0,1.3497891818181817,2013,homefront,homefront,2013.0,Drama,Drama
34,2015-09-04,The Transporter Refueled,22000000.0,16029670.0,69698495.0,47698495.0,2.168113409090909,2015,the transporter refueled,the transporter refueled,2015.0,"Action,Adventure,Crime",Action
40,2017-11-17,"Roman J. Israel, Esq.",22000000.0,11962712.0,12967012.0,-9032988.0,-0.41059036363636364,2017,"roman j. israel, esq.","roman j. israel, esq.",2017.0,"Crime,Drama,Thriller",Crime
41,2013-12-04,Out of the Furnace,22000000.0,11330849.0,15434375.0,-6565625.0,-0.2984375,2013,out of the furnace,out of the furnace,2013.0,"Crime,Drama,Thriller",Crime
44,2017-12-08,Just Getting Started,22000000.0,6069605.0,6756412.0,-15243588.0,-0.6928903636363636,2017,just getting started,just getting started,2017.0,"Action,Comedy",Action
49,2014-10-31,Before I Go to Sleep,22000000.0,3242457.0,19563579.0,-2436421.0,-0.11074640909090909,2014,before i go to sleep,before i go to sleep,2014.0,"Drama,Horror,Mystery",Drama
50,2010-10-08,Stone,22000000.0,1810078.0,4065020.0,-17934980.0,-0.8152263636363636,2010,stone,stone,2010.0,"Drama,Thriller",Drama
58,2012-06-22,To Rome with Love,21500000.0,16684352.0,74326015.0,52826015.0,2.457023953488372,2012,to rome with love,to rome with love,2012.0,"Comedy,Music,Romance",Comedy
59,2012-11-16,Silver Linings Playbook,21000000.0,132092958.0,236412453.0,215412453.0,10.257735857142857,2012,silver linings playbook,silver linings playbook,2012.0,"Comedy,Drama,Romance",Comedy
60,2018-04-06,Blockers,21000000.0,60311495.0,94045328.0,73045328.0,3.4783489523809523,2018,blockers,blockers,2018.0,Comedy,Comedy
61,2019-04-05,Pet Sematary,21000000.0,54724696.0,109501146.0,88501146.0,4.214340285714286,2019,pet sematary,pet sematary,2019.0,"Horror,Mystery,Thriller",Horror
64,2010-04-16,Death at a Funeral,21000000.0,42739347.0,48977233.0,27977233.0,1.3322491904761904,2010,death at a funeral,death at a funeral,2010.0,Comedy,Comedy
67,2010-11-05,For Colored Girls,21000000.0,37729698.0,38017873.0,17017873.0,0.8103749047619048,2010,for colored girls,for colored girls,2010.0,Drama,Drama
69,2017-08-04,Kidnap,21000000.0,30718107.0,34836080.0,13836080.0,0.6588609523809524,2017,kidnap,kidnap,2017.0,"Crime,Drama,Thriller",Crime
72,2011-12-09,Tinker Tailor Soldier Spy,21000000.0,24149393.0,81452811.0,60452811.0,2.8787052857142856,2011,tinker tailor soldier spy,tinker tailor soldier spy,2011.0,"Drama,Mystery,Thriller",Drama
79,2011-05-06,The Beaver,21000000.0,970816.0,5046038.0,-15953962.0,-0.7597124761904762,2011,the beaver,the beaver,2011.0,Drama,Drama
80,2017-02-24,Bitter Harvest,21000000.0,557241.0,606162.0,-20393838.0,-0.9711351428571429,2017,bitter harvest,bitter harvest,2017.0,"Drama,Romance,War",Drama
82,2019-02-01,Velvet Buzzsaw,21000000.0,0.0,0.0,-21000000.0,-1.0,2019,velvet buzzsaw,velvet buzzsaw,2019.0,"Horror,Mystery,Thriller",Horror
88,2019-03-22,Us,20000000.0,175006930.0,254210310.0,234210310.0,11.7105155,2019,us,us,2019.0,"Horror,Mystery,Thriller",Horror
92,2016-12-09,La La Land,20000000.0,151101803.0,426351163.0,406351163.0,20.31755815,2016,la la land,la la land,2016.0,"Comedy,Drama,Music",Comedy
93,2013-07-19,The Conjuring,20000000.0,137400141.0,318000141.0,298000141.0,14.90000705,2013,the conjuring,the conjuring,2013.0,"Horror,Mystery,Thriller",Horror
95,2017-11-17,Wonder,20000000.0,132422809.0,304604712.0,284604712.0,14.2302356,2017,wonder,wonder,2017.0,"Drama,Family",Drama
98,2010-10-15,Jackass 3D,20000000.0,117229692.0,171685793.0,151685793.0,7.58428965,2010,jackass 3d,jackass 3d,2010.0,"Action,Comedy,Documentary",Action
99,2016-07-29,Bad Moms,20000000.0,113257297.0,180998716.0,160998716.0,8.0499358,2016,bad moms,bad moms,2016.0,Comedy,Comedy
100,2019-01-18,Glass,20000000.0,111035005.0,245303505.0,225303505.0,11.26517525,2019,glass,glass,2019.0,"Drama,Sci-Fi,Thriller",Drama
3,2014-07-02,Tammy,20000000.0,84525432.0,96407655.0,76407655.0,3.82038275,2014,tammy,tammy,2014.0,"Comedy,Romance",Comedy
5,2011-11-16,The Descendants,20000000.0,82624961.0,175507800.0,155507800.0,7.77539,2011,the descendants,the descendants,2011.0,"Comedy,Drama",Comedy
15,2010-03-31,The Last Song,20000000.0,62950384.0,92678948.0,72678948.0,3.6339474,2010,the last song,the last song,2010.0,"Drama,Music,Romance",Drama
16,2010-04-02,Why Did I Get Married Too?,20000000.0,60095852.0,60831067.0,40831067.0,2.04155335,2010,why did i get married too?,why did i get married too?,2010.0,"Comedy,Drama,Romance",Comedy
18,2013-10-18,12 Years a Slave,20000000.0,56671993.0,181025343.0,161025343.0,8.05126715,2013,12 years a slave,12 years a slave,2013.0,"Biography,Drama,History",Biography
20,2016-06-03,Me Before You,20000000.0,56245075.0,208265198.0,188265198.0,9.4132599,2016,me before you,me before you,2016.0,"Drama,Romance",Drama
21,2019-02-08,What Men Want,20000000.0,54611903.0,69911903.0,49911903.0,2.49559515,2019,what men want,what men want,2019.0,"Comedy,Fantasy,Romance",Comedy
22,2016-04-15,Barbershop: The Next Cut,20000000.0,54030051.0,54404202.0,34404202.0,1.7202101,2016,barbershop the next cut,barbershop the next cut,2016.0,"Comedy,Drama",Comedy
24,2018-09-14,A Simple Favor,20000000.0,53548586.0,97628717.0,77628717.0,3.88143585,2018,a simple favor,a simple favor,2018.0,"Comedy,Crime,Drama",Comedy
34,2015-11-06,Spotlight,20000000.0,45055776.0,92088460.0,72088460.0,3.604423,2015,spotlight,spotlight,2015.0,"Crime,Drama",Crime
34,2015-11-06,Spotlight,20000000.0,45055776.0,92088460.0,72088460.0,3.604423,2015,spotlight,spotlight,2015.0,Drama,Drama
35,2018-03-30,Acrimony,20000000.0,43549096.0,46627836.0,26627836.0,1.3313918,2018,acrimony,acrimony,2018.0,"Drama,Romance,Thriller",Drama
36,2015-06-26,Max,20000000.0,42656255.0,43658157.0,23658157.0,1.18290785,2015,max,max,2015.0,"Adventure,Drama,Family",Adventure
39,2017-11-17,The Star,20000000.0,40847995.0,62758010.0,42758010.0,2.1379005,2017,the star,the star,2017.0,"Adventure,Animation,Comedy",Adventure
43,2016-07-27,Nerve,20000000.0,38583626.0,70652284.0,50652284.0,2.5326142,2016,nerve,nerve,2016.0,"Action,Adventure,Crime",Action
48,2016-02-19,Risen,20000000.0,36880033.0,46255763.0,26255763.0,1.31278815,2016,risen,risen,2016.0,"Action,Adventure,Drama",Action
49,2010-08-18,Vampires Suck,20000000.0,36661504.0,81424988.0,61424988.0,3.0712494,2010,vampires suck,vampires suck,2010.0,Comedy,Comedy
51,2010-09-01,The American,20000000.0,35606376.0,67950723.0,47950723.0,2.39753615,2010,the american,the american,2010.0,"Crime,Drama,Thriller",Crime
53,2011-11-04,A Very Harold & Kumar 3D Christmas,20000000.0,35061031.0,36265745.0,16265745.0,0.81328725,2011,a very harold & kumar 3d christmas,a very harold & kumar 3d christmas,2011.0,"Adventure,Comedy",Adventure
55,2013-01-04,Texas Chainsaw 3D,20000000.0,34341945.0,47666013.0,27666013.0,1.38330065,2013,texas chainsaw 3d,texas chainsaw 3d,2013.0,"Horror,Thriller",Horror
57,2014-09-19,This is Where I Leave You,20000000.0,34296320.0,41296320.0,21296320.0,1.064816,2014,this is where i leave you,this is where i leave you,2014.0,"Comedy,Drama",Comedy
62,2010-03-12,She's Out of My League,20000000.0,32010860.0,48680977.0,28680977.0,1.43404885,2010,she's out of my league,she's out of my league,2010.0,"Comedy,Romance",Comedy
76,2013-08-23,The World's End,20000000.0,26004851.0,47508505.0,27508505.0,1.37542525,2013,the world's end,the world's end,2013.0,"Action,Comedy,Sci-Fi",Action
78,2010-09-24,You Again,20000000.0,25702053.0,32838945.0,12838945.0,0.64194725,2010,you again,you again,2010.0,"Comedy,Family,Romance",Comedy
81,2018-12-25,On the Basis of Sex,20000000.0,24622687.0,38073377.0,18073377.0,0.90366885,2018,on the basis of sex,on the basis of sex,2018.0,"Biography,Drama",Biography
82,2014-02-14,Endless Love,20000000.0,23438250.0,34718173.0,14718173.0,0.73590865,2014,endless love,endless love,2014.0,"Drama,Romance",Drama
84,2011-07-01,Monte Carlo,20000000.0,23186769.0,39686769.0,19686769.0,0.98433845,2011,monte carlo,monte carlo,2011.0,"Adventure,Comedy,Family",Adventure
87,2017-06-16,Rough Night,20000000.0,22105643.0,46844357.0,26844357.0,1.34221785,2017,rough night,rough night,2017.0,"Comedy,Crime,Thriller",Comedy
94,2015-11-20,Secret in Their Eyes,20000000.0,20180155.0,32608019.0,12608019.0,0.63040095,2015,secret in their eyes,secret in their eyes,2015.0,"Crime,Drama,Mystery",Crime
11,2017-09-29,Flatliners,20000000.0,16883115.0,45173738.0,25173738.0,1.2586869,2017,flatliners,flatliners,2017.0,"Drama,Horror,Mystery",Drama
22,2012-04-13,Lockout,20000000.0,14326865.0,33943049.0,13943049.0,0.69715245,2012,lockout,lockout,2012.0,"Action,Sci-Fi,Thriller",Action
24,2011-09-30,What's Your Number?,20000000.0,14011084.0,30163785.0,10163785.0,0.50818925,2011,what's your number?,what's your number?,2011.0,"Comedy,Romance",Comedy
27,2015-10-30,Burnt,20000000.0,13651946.0,36773510.0,16773510.0,0.8386755,2015,burnt,burnt,2015.0,"Comedy,Drama",Comedy
33,2016-02-26,Triple 9,20000000.0,12639297.0,25943792.0,5943792.0,0.2971896,2016,triple 9,triple 9,2016.0,"Crime,Thriller",Crime
34,2016-09-02,The Light Between Oceans,20000000.0,12545979.0,22281732.0,2281732.0,0.1140866,2016,the light between oceans,the light between oceans,2016.0,"Drama,Romance",Drama
38,2010-10-01,Let Me In,20000000.0,12134935.0,28270399.0,8270399.0,0.41351995,2010,let me in,let me in,2010.0,"Drama,Fantasy,Horror",Drama
47,2016-06-03,Popstar: Never Stop Never Stopping,20000000.0,9496130.0,9537120.0,-10462880.0,-0.523144,2016,popstar never stop never stopping,popstar never stop never stopping,2016.0,"Comedy,Music",Comedy
48,2017-10-27,Thank You for Your Service,20000000.0,9479390.0,9985316.0,-10014684.0,-0.5007342,2017,thank you for your service,thank you for your service,2017.0,"Biography,Drama,War",Biography
51,2013-09-20,Battle of the Year,20000000.0,8888355.0,16723377.0,-3276623.0,-0.16383115,2013,battle of the year,battle of the year,2013.0,"Drama,Music",Drama
56,2014-12-12,Inherent Vice,20000000.0,8110975.0,14772346.0,-5227654.0,-0.2613827,2014,inherent vice,inherent vice,2014.0,"Comedy,Crime,Drama",Comedy
58,2013-10-11,Machete Kills,20000000.0,8008161.0,18273009.0,-1726991.0,-0.08634955,2013,machete kills,machete kills,2013.0,"Action,Crime,Sci-Fi",Action
65,2015-04-24,Little Boy,20000000.0,6485961.0,17769299.0,-2230701.0,-0.11153505,2015,little boy,little boy,2015.0,"Drama,History,War",Drama
67,2012-10-26,Chasing Mavericks,20000000.0,6002756.0,8300821.0,-11699179.0,-0.58495895,2012,chasing mavericks,chasing mavericks,2012.0,"Biography,Drama,Sport",Biography
68,2014-12-31,A Most Violent Year,20000000.0,5749134.0,8846875.0,-11153125.0,-0.55765625,2014,a most violent year,a most violent year,2014.0,"Crime,Drama,Thriller",Crime
69,2011-11-23,A Dangerous Method,20000000.0,5702083.0,14807531.0,-5192469.0,-0.25962345,2011,a dangerous method,a dangerous method,2011.0,"Biography,Drama,Romance",Biography
74,2016-08-26,Hands of Stone,20000000.0,4712792.0,5031975.0,-14968025.0,-0.74840125,2016,hands of stone,hands of stone,2016.0,"Action,Biography,Drama",Action
78,2012-09-07,The Cold Light of Day,20000000.0,3763583.0,25361206.0,5361206.0,0.2680603,2012,the cold light of day,the cold light of day,2012.0,"Action,Thriller",Action
81,2018-10-26,Suspiria,20000000.0,2483472.0,7034615.0,-12965385.0,-0.64826925,2018,suspiria,suspiria,2018.0,"Fantasy,Horror,Mystery",Fantasy
85,2015-11-13,My All-American,20000000.0,2246000.0,2246000.0,-17754000.0,-0.8877,2015,my all-american,my all-american,2015.0,"Biography,Drama,Sport",Biography
91,2012-08-29,The Oogieloves in the BIG Balloon Adventure,20000000.0,1065907.0,1065907.0,-18934093.0,-0.94670465,2012,the oogieloves in the big balloon adventure,the oogieloves in the big balloon adventure,2012.0,"Adventure,Family,Fantasy",Adventure
94,2010-08-06,Middle Men,20000000.0,754301.0,754301.0,-19245699.0,-0.96228495,2010,middle men,middle men,2010.0,"Action,Comedy,Crime",Action
96,2010-12-03,All Good Things,20000000.0,582024.0,873617.0,-19126383.0,-0.95631915,2010,all good things,all good things,2010.0,"Crime,Drama,Mystery",Crime
97,2015-11-13,By the Sea,20000000.0,538460.0,3727746.0,-16272254.0,-0.8136127,2015,by the sea,by the sea,2015.0,"Drama,Romance",Drama
1,2010-12-10,The Tempest,20000000.0,277943.0,277943.0,-19722057.0,-0.98610285,2010,the tempest,the tempest,2010.0,"Comedy,Drama,Fantasy",Comedy
1,2010-12-10,The Tempest,20000000.0,277943.0,277943.0,-19722057.0,-0.98610285,2010,the tempest,the tempest,2010.0,Drama,Drama
6,2015-10-30,Regression,20000000.0,55039.0,15824374.0,-4175626.0,-0.2087813,2015,regression,regression,2015.0,"Crime,Horror,Mystery",Crime
8,2012-12-31,Zambezia,20000000.0,0.0,34454336.0,14454336.0,0.7227168,2012,zambezia,zambezia,2012.0,"Adventure,Animation,Comedy",Adventure
11,2015-05-29,Survivor,20000000.0,0.0,1703281.0,-18296719.0,-0.91483595,2015,survivor,survivor,2015.0,"Action,Crime,Thriller",Action
12,2016-11-18,The History of Love,20000000.0,0.0,476624.0,-19523376.0,-0.9761688,2016,the history of love,the history of love,2016.0,"Drama,Romance,War",Drama
14,2014-08-29,Dwegons and Leprechauns,20000000.0,0.0,0.0,-20000000.0,-1.0,2014,dwegons and leprechauns,dwegons and leprechauns,2014.0,Animation,Animation
15,2016-07-22,Fight Valley,20000000.0,0.0,0.0,-20000000.0,-1.0,2016,fight valley,fight valley,2016.0,"Action,Drama",Action
17,2018-12-13,Bird Box,19800000.0,0.0,0.0,-19800000.0,-1.0,2018,bird box,bird box,2018.0,"Drama,Horror,Sci-Fi",Drama
19,2017-12-01,The Shape of Water,19500000.0,63859435.0,195790794.0,176290794.0,9.040553538461538,2017,the shape of water,the shape of water,2017.0,"Adventure,Drama,Fantasy",Adventure
22,2013-08-23,The Frozen Ground,19200000.0,0.0,5617460.0,-13582540.0,-0.7074239583333334,2013,the frozen ground,the frozen ground,2013.0,"Crime,Drama,Mystery",Crime
23,2011-07-29,The Devil's Double,19100000.0,1361512.0,5965646.0,-13134354.0,-0.6876625130890053,2011,the devil's double,the devil's double,2011.0,"Biography,Drama,Thriller",Biography
27,2011-06-24,Bad Teacher,19000000.0,100292856.0,215448997.0,196448997.0,10.339420894736842,2011,bad teacher,bad teacher,2011.0,"Comedy,Romance",Comedy
28,2016-08-12,Sausage Party,19000000.0,97670358.0,141344255.0,122344255.0,6.439171315789474,2016,sausage party,sausage party,2016.0,"Adventure,Animation,Comedy",Adventure
36,2010-02-26,The Crazies,19000000.0,39123589.0,56445534.0,37445534.0,1.9708175789473685,2010,the crazies,the crazies,2010.0,"Horror,Thriller",Horror
39,2010-08-20,The Switch,19000000.0,27758465.0,49858465.0,30858465.0,1.6241297368421053,2010,the switch,the switch,2010.0,"Comedy,Drama,Romance",Comedy
40,2010-01-08,Leap Year,19000000.0,25918920.0,32618920.0,13618920.0,0.7167852631578947,2010,leap year,leap year,2010.0,"Comedy,Romance",Comedy
40,2010-01-08,Leap Year,19000000.0,25918920.0,32618920.0,13618920.0,0.7167852631578947,2010,leap year,leap year,2010.0,"Drama,Romance",Drama
41,2013-11-08,The Book Thief,19000000.0,21488481.0,76086711.0,57086711.0,3.004563736842105,2013,the book thief,the book thief,2013.0,"Drama,War",Drama
48,2011-03-04,Take Me Home Tonight,19000000.0,6928068.0,7576604.0,-11423396.0,-0.6012313684210526,2011,take me home tonight,take me home tonight,2011.0,"Comedy,Drama,Romance",Comedy
49,2012-09-28,Won't Back Down,19000000.0,5310554.0,5745503.0,-13254497.0,-0.6976051052631579,2012,won't back down,won't back down,2012.0,Drama,Drama
50,2018-06-01,Action Point,19000000.0,5059608.0,5103675.0,-13896325.0,-0.7313855263157895,2018,action point,action point,2018.0,Comedy,Comedy
64,2014-05-09,Neighbors,18000000.0,150086800.0,270944428.0,252944428.0,14.052468222222222,2014,neighbors,neighbors,2014.0,Comedy,Comedy
77,2016-03-25,My Big Fat Greek Wedding 2,18000000.0,59689605.0,92096558.0,74096558.0,4.116475444444444,2016,my big fat greek wedding 2,my big fat greek wedding 2,2016.0,"Comedy,Romance",Comedy
78,2015-09-11,The Perfect Guy,18000000.0,57027435.0,60278166.0,42278166.0,2.348787,2015,the perfect guy,the perfect guy,2015.0,"Crime,Drama,Horror",Crime
80,2011-03-25,Diary of a Wimpy Kid: Rodrick Rules,18000000.0,52698535.0,73695194.0,55695194.0,3.0941774444444445,2011,diary of a wimpy kid rodrick rules,diary of a wimpy kid rodrick rules,2011.0,"Comedy,Family",Comedy
83,2011-04-08,Soul Surfer,18000000.0,43853424.0,47158652.0,29158652.0,1.619925111111111,2011,soul surfer,soul surfer,2011.0,"Biography,Drama,Family",Biography
85,2018-06-29,Uncle Drew,18000000.0,42469946.0,46527161.0,28527161.0,1.5848422777777778,2018,uncle drew,uncle drew,2018.0,"Comedy,Sport",Comedy
86,2014-10-17,Birdman or (The Unexpected Virtue of Ignorance),18000000.0,42340598.0,103215094.0,85215094.0,4.734171888888889,2014,birdman or (the unexpected virtue of ignorance),birdman or (the unexpected virtue of ignorance),2014.0,"Comedy,Drama",Comedy
90,2013-07-26,Blue Jasmine,18000000.0,33404871.0,102912961.0,84912961.0,4.717386722222222,2013,blue jasmine,blue jasmine,2013.0,Drama,Drama
95,2015-08-07,Ricki and the Flash,18000000.0,26839498.0,41166033.0,23166033.0,1.2870018333333333,2015,ricki and the flash,ricki and the flash,2015.0,"Comedy,Drama,Music",Comedy
98,2015-11-13,Love the Coopers,18000000.0,26302731.0,42227490.0,24227490.0,1.3459716666666666,2015,love the coopers,love the coopers,2015.0,"Comedy,Fantasy,Romance",Comedy
4,2017-04-28,The Circle,18000000.0,20497844.0,40651864.0,22651864.0,1.2584368888888888,2017,the circle,the circle,2017.0,"Drama,Horror,Thriller",Drama
4,2017-04-28,The Circle,18000000.0,20497844.0,40651864.0,22651864.0,1.2584368888888888,2017,the circle,the circle,2017.0,"Drama,Sci-Fi,Thriller",Drama
4,2017-04-28,The Circle,18000000.0,20497844.0,40651864.0,22651864.0,1.2584368888888888,2017,the circle,the circle,2017.0,Documentary,Documentary
6,2010-11-05,127 Hours,18000000.0,18335230.0,60217171.0,42217171.0,2.345398388888889,2010,127 hours,127 hours,2010.0,"Adventure,Biography,Drama",Adventure
9,2016-01-15,Norm of the North,18000000.0,17062499.0,30535660.0,12535660.0,0.6964255555555555,2016,norm of the north,norm of the north,2016.0,"Adventure,Animation,Comedy",Adventure
11,2013-08-16,Jobs,18000000.0,16131410.0,43402515.0,25402515.0,1.4112508333333333,2013,jobs,jobs,2013.0,"Biography,Drama",Biography
14,2014-07-25,And So It Goes,18000000.0,15160801.0,17920013.0,-79987.0,-0.004443722222222222,2014,and so it goes,and so it goes,2014.0,"Comedy,Drama,Romance",Comedy
20,2013-08-30,Getaway,18000000.0,10501938.0,11813989.0,-6186011.0,-0.3436672777777778,2013,getaway,getaway,2013.0,"Action,Crime,Thriller",Action
35,2016-03-18,Midnight Special,18000000.0,3712282.0,7680250.0,-10319750.0,-0.5733194444444445,2016,midnight special,midnight special,2016.0,"Action,Drama,Mystery",Action
36,2016-11-25,Miss Sloane,18000000.0,3500605.0,7719630.0,-10280370.0,-0.5711316666666667,2016,miss sloane,miss sloane,2016.0,"Drama,Thriller",Drama
37,2013-09-27,Metallica Through the Never,18000000.0,3419967.0,9082906.0,-8917094.0,-0.4953941111111111,2013,metallica through the never,metallica through the never,2013.0,Music,Music
40,2017-03-17,T2: Trainspotting,18000000.0,2402004.0,42091262.0,24091262.0,1.3384034444444444,2017,t2 trainspotting,t2 trainspotting,2017.0,Drama,Drama
43,2013-03-01,Phantom,18000000.0,1034589.0,1199510.0,-16800490.0,-0.9333605555555555,2013,phantom,phantom,2013.0,"Drama,History,Thriller",Drama
43,2013-03-01,Phantom,18000000.0,1034589.0,1199510.0,-16800490.0,-0.9333605555555555,2013,phantom,phantom,2013.0,Drama,Drama
50,2016-04-15,I Am Wrath,18000000.0,0.0,309608.0,-17690392.0,-0.9827995555555555,2016,i am wrath,i am wrath,2016.0,"Action,Crime,Drama",Action
51,2014-11-14,Wolves,18000000.0,0.0,94953.0,-17905047.0,-0.9947248333333333,2014,wolves,wolves,2014.0,"Action,Fantasy,Horror",Action
53,2014-08-22,The Prince,18000000.0,0.0,0.0,-18000000.0,-1.0,2014,the prince,the prince,2014.0,"Action,Thriller",Action
53,2014-08-22,The Prince,18000000.0,0.0,0.0,-18000000.0,-1.0,2014,the prince,the prince,2014.0,Drama,Drama
54,2016-02-19,Forsaken,18000000.0,0.0,0.0,-18000000.0,-1.0,2016,forsaken,forsaken,2016.0,Horror,Horror
56,2012-07-13,Red Lights,17700000.0,49521.0,14518884.0,-3181116.0,-0.17972406779661018,2012,red lights,red lights,2012.0,"Drama,Fantasy,Horror",Drama
63,2013-11-27,Black Nativity,17500000.0,7018188.0,7285135.0,-10214865.0,-0.5837065714285714,2013,black nativity,black nativity,2013.0,"Drama,Family,Music",Drama
66,2018-04-06,A Quiet Place,17000000.0,188024361.0,334522294.0,317522294.0,18.677782,2018,a quiet place,a quiet place,2018.0,"Drama,Horror,Sci-Fi",Drama
73,2013-11-15,The Best Man Holiday,17000000.0,70525195.0,72835710.0,55835710.0,3.2844535294117647,2013,the best man holiday,the best man holiday,2013.0,"Comedy,Drama",Comedy
75,2012-09-28,Pitch Perfect,17000000.0,65001093.0,116044347.0,99044347.0,5.826138058823529,2012,pitch perfect,pitch perfect,2012.0,"Comedy,Music,Romance",Comedy
77,2013-04-05,Evil Dead,17000000.0,54239856.0,97778356.0,80778356.0,4.751668,2013,evil dead,evil dead,2013.0,"Fantasy,Horror,Thriller",Fantasy
80,2015-02-20,"McFarland, USA",17000000.0,44480275.0,45707924.0,28707924.0,1.688701411764706,2015,"mcfarland, usa","mcfarland, usa",2015.0,"Biography,Drama,Sport",Biography
81,2016-11-11,Almost Christmas,17000000.0,42065185.0,42493506.0,25493506.0,1.499618,2016,almost christmas,almost christmas,2016.0,"Comedy,Drama",Comedy
87,2011-03-04,Beastly,17000000.0,27865571.0,38028230.0,21028230.0,1.236954705882353,2011,beastly,beastly,2011.0,"Drama,Fantasy,Romance",Drama
90,2010-08-20,Lottery Ticket,17000000.0,24719879.0,24719879.0,7719879.0,0.4541105294117647,2010,lottery ticket,lottery ticket,2010.0,Comedy,Comedy
4,2012-08-24,The Apparition,17000000.0,4936819.0,10637281.0,-6362719.0,-0.3742775882352941,2012,the apparition,the apparition,2012.0,"Horror,Thriller",Horror
10,2016-06-10,Genius,17000000.0,1361045.0,7265283.0,-9734717.0,-0.5726304117647059,2016,genius,genius,2016.0,"Biography,Drama",Biography
16,2019-07-12,Crawl,17000000.0,0.0,0.0,-17000000.0,-1.0,2019,crawl,crawl,2019.0,"Action,Horror,Thriller",Action
17,2016-03-11,The Young Messiah,16800000.0,6469813.0,7313697.0,-9486303.0,-0.5646608928571428,2016,the young messiah,the young messiah,2016.0,"Drama,Fantasy",Drama
33,2012-05-25,Moonrise Kingdom,16000000.0,45512466.0,68848446.0,52848446.0,3.303027875,2012,moonrise kingdom,moonrise kingdom,2012.0,"Adventure,Comedy,Drama",Adventure
34,2011-11-25,The Artist,16000000.0,44667095.0,128256712.0,112256712.0,7.0160445,2011,the artist,the artist,2011.0,"Comedy,Drama,Romance",Comedy
34,2011-11-25,The Artist,16000000.0,44667095.0,128256712.0,112256712.0,7.0160445,2011,the artist,the artist,2011.0,Thriller,Thriller
39,2011-02-04,The Roommate,16000000.0,37300107.0,52545707.0,36545707.0,2.2841066875,2011,the roommate,the roommate,2011.0,"Drama,Thriller",Drama
49,2018-06-13,Superfly,16000000.0,20537137.0,20723581.0,4723581.0,0.2952238125,2018,superfly,superfly,2018.0,"Action,Crime,Thriller",Action
51,2010-03-12,Remember Me,16000000.0,19068240.0,56506120.0,40506120.0,2.5316325,2010,remember me,remember me,2010.0,"Drama,Romance",Drama
57,2014-10-03,Left Behind,16000000.0,14019924.0,20769209.0,4769209.0,0.2980755625,2014,left behind,left behind,2014.0,"Action,Drama,Fantasy",Action
60,2012-06-29,People Like Us,16000000.0,12431792.0,12617472.0,-3382528.0,-0.211408,2012,people like us,people like us,2012.0,"Comedy,Drama",Comedy
65,2016-11-18,Bleed for This,16000000.0,5083906.0,6603926.0,-9396074.0,-0.587254625,2016,bleed for this,bleed for this,2016.0,"Biography,Drama,Sport",Biography
70,2014-11-14,The Homesman,16000000.0,2429989.0,8217571.0,-7782429.0,-0.4864018125,2014,the homesman,the homesman,2014.0,"Drama,Western",Drama
71,2013-04-05,Trance,16000000.0,2322593.0,22594052.0,6594052.0,0.41212825,2013,trance,trance,2013.0,"Crime,Drama,Mystery",Crime
79,2012-11-02,Vamps,16000000.0,3361.0,94812.0,-15905188.0,-0.99407425,2012,vamps,vamps,2012.0,"Comedy,Horror,Romance",Comedy
82,2013-12-31,Zulu,16000000.0,0.0,1844228.0,-14155772.0,-0.88473575,2013,zulu,zulu,2013.0,"Crime,Drama,Thriller",Crime
83,2018-12-21,Second Act,15700000.0,39282227.0,63288854.0,47588854.0,3.0311371974522294,2018,second act,second act,2018.0,"Comedy,Drama,Romance",Comedy
2,2017-08-11,Annabelle: Creation,15000000.0,102092201.0,305384865.0,290384865.0,19.358991,2017,annabelle creation,annabelle creation,2017.0,"Horror,Mystery,Thriller",Horror
6,2014-11-28,The Imitation Game,15000000.0,91125143.0,227740463.0,212740463.0,14.182697533333334,2014,the imitation game,the imitation game,2014.0,"Biography,Drama,Thriller",Biography
9,2013-01-18,Mama,15000000.0,71628180.0,148095566.0,133095566.0,8.873037733333334,2013,mama,mama,2013.0,"Horror,Thriller",Horror
13,2010-03-19,Diary of a Wimpy Kid,15000000.0,64003625.0,76954311.0,61954311.0,4.1302874,2010,diary of a wimpy kid,diary of a wimpy kid,2010.0,"Comedy,Drama,Family",Comedy
18,2012-02-03,The Woman in Black,15000000.0,54333290.0,128955898.0,113955898.0,7.597059866666667,2012,the woman in black,the woman in black,2012.0,"Drama,Fantasy,Horror",Drama
21,2018-08-10,BlacKkKlansman,15000000.0,49275340.0,93017335.0,78017335.0,5.201155666666667,2018,blackkklansman,blackkklansman,2018.0,"Biography,Crime,Drama",Biography
26,2013-02-22,Snitch,15000000.0,42930462.0,57907734.0,42907734.0,2.8605156,2013,snitch,snitch,2013.0,"Action,Drama,Thriller",Action
28,2015-12-04,Krampus,15000000.0,42725475.0,61788393.0,46788393.0,3.1192262,2015,krampus,krampus,2015.0,"Comedy,Fantasy,Horror",Comedy
29,2012-09-21,End of Watch,15000000.0,41003371.0,57586606.0,42586606.0,2.8391070666666667,2012,end of watch,end of watch,2012.0,"Action,Crime,Drama",Action
33,2014-12-03,Wild,15000000.0,37880356.0,52460543.0,37460543.0,2.4973695333333334,2014,wild,wild,2014.0,"Adventure,Biography,Drama",Adventure
35,2014-11-07,The Theory of Everything,15000000.0,35893537.0,123327692.0,108327692.0,7.221846133333333,2014,the theory of everything,the theory of everything,2014.0,"Biography,Drama,Romance",Biography
36,2011-09-16,Drive,15000000.0,35060689.0,81357930.0,66357930.0,4.423862,2011,drive,drive,2011.0,"Crime,Drama",Crime
39,2018-11-23,The Favourite,15000000.0,34366783.0,94113929.0,79113929.0,5.274261933333333,2018,the favourite,the favourite,2018.0,"Biography,Drama,History",Biography
50,2014-08-22,When the Game Stands Tall,15000000.0,30127963.0,30138912.0,15138912.0,1.0092608,2014,when the game stands tall,when the game stands tall,2014.0,"Drama,Family,Sport",Drama
57,2017-09-08,Home Again,15000000.0,27020284.0,37336874.0,22336874.0,1.4891249333333334,2017,home again,home again,2017.0,"Comedy,Drama,Romance",Comedy
60,2010-07-23,Ramona and Beezus,15000000.0,26167002.0,27469621.0,12469621.0,0.8313080666666667,2010,ramona and beezus,ramona and beezus,2010.0,"Adventure,Comedy,Family",Adventure
61,2014-08-27,The November Man,15000000.0,25018119.0,34820335.0,19820335.0,1.3213556666666666,2014,the november man,the november man,2014.0,"Action,Crime,Thriller",Action
70,2016-04-29,Keanu,15000000.0,20591853.0,20688141.0,5688141.0,0.3792094,2016,keanu,keanu,2016.0,"Action,Comedy,Crime",Action
71,2010-12-22,Country Strong,15000000.0,20218921.0,20601987.0,5601987.0,0.3734658,2010,country strong,country strong,2010.0,"Drama,Music",Drama
76,2014-07-25,A Most Wanted Man,15000000.0,17237855.0,36068890.0,21068890.0,1.4045926666666666,2014,a most wanted man,a most wanted man,2014.0,"Crime,Drama,Thriller",Crime
79,2012-11-02,The Man with the Iron Fists,15000000.0,15634090.0,22018988.0,7018988.0,0.46793253333333334,2012,the man with the iron fists,the man with the iron fists,2012.0,Action,Action
81,2019-02-01,Miss Bala,15000000.0,14998027.0,15362298.0,362298.0,0.0241532,2019,miss bala,miss bala,2019.0,"Action,Crime,Drama",Action
82,2012-11-30,Killing Them Softly,15000000.0,14945541.0,39238443.0,24238443.0,1.6158962,2012,killing them softly,killing them softly,2012.0,"Crime,Thriller",Crime
84,2011-08-19,One Day,15000000.0,13843771.0,59168692.0,44168692.0,2.9445794666666667,2011,one day,one day,2011.0,"Drama,Romance",Drama
6,2016-09-23,Queen of Katwe,15000000.0,8874389.0,10055481.0,-4944519.0,-0.3296346,2016,queen of katwe,queen of katwe,2016.0,"Biography,Drama,Sport",Biography
15,2018-06-08,Hotel Artemis,15000000.0,6708137.0,12758799.0,-2241201.0,-0.1494134,2018,hotel artemis,hotel artemis,2018.0,"Action,Drama,Sci-Fi",Action
25,2015-10-30,Scouts Guide to the Zombie Apocalypse,15000000.0,3703046.0,15554855.0,554855.0,0.03699033333333333,2015,scouts guide to the zombie apocalypse,scouts guide to the zombie apocalypse,2015.0,"Action,Comedy,Horror",Action
27,2010-09-22,You Will Meet a Tall Dark Stranger,15000000.0,3247816.0,34247816.0,19247816.0,1.2831877333333332,2010,you will meet a tall dark stranger,you will meet a tall dark stranger,2010.0,"Comedy,Drama,Romance",Comedy
28,2015-10-23,Rock the Kasbah,15000000.0,3020665.0,3386153.0,-11613847.0,-0.7742564666666667,2015,rock the kasbah,rock the kasbah,2015.0,"Comedy,Music,War",Comedy
29,2010-09-15,Never Let Me Go,15000000.0,2434652.0,11173718.0,-3826282.0,-0.25508546666666665,2010,never let me go,never let me go,2010.0,"Drama,Romance,Sci-Fi",Drama
30,2016-09-09,The Disappointments Room,15000000.0,2423467.0,3503761.0,-11496239.0,-0.7664159333333334,2016,the disappointments room,the disappointments room,2016.0,"Drama,Horror,Thriller",Drama
46,2010-08-27,Centurion,15000000.0,123570.0,7885048.0,-7114952.0,-0.47433013333333335,2010,centurion,centurion,2010.0,"Action,Adventure,Drama",Action
51,2011-11-04,The Son of No One,15000000.0,30680.0,1148578.0,-13851422.0,-0.9234281333333333,2011,the son of no one,the son of no one,2011.0,"Action,Crime,Drama",Action
54,2013-12-06,Khumba,15000000.0,0.0,20898221.0,5898221.0,0.39321473333333334,2013,khumba,khumba,2013.0,"Adventure,Animation,Family",Adventure
57,2015-12-31,Chiamatemi Francesco - Il papa della gente,15000000.0,0.0,3925769.0,-11074231.0,-0.7382820666666666,2015,chiamatemi francesco - il papa della gente,chiamatemi francesco - il papa della gente,2015.0,Biography,Biography
62,2015-09-01,Broken Horses,15000000.0,0.0,3471.0,-14996529.0,-0.9997686,2015,broken horses,broken horses,2015.0,"Action,Crime,Drama",Action
64,2019-08-14,Blinded by the Light,15000000.0,0.0,0.0,-15000000.0,-1.0,2019,blinded by the light,blinded by the light,2019.0,"Biography,Comedy,Drama",Biography
66,2015-07-01,Magic Mike XXL,14500000.0,66013057.0,123660597.0,109160597.0,7.528317034482758,2015,magic mike xxl,magic mike xxl,2015.0,"Comedy,Drama,Music",Comedy
81,2012-08-31,The Possession,14000000.0,49130588.0,82925064.0,68925064.0,4.9232188571428575,2012,the possession,the possession,2012.0,"Horror,Mystery,Thriller",Horror
95,2010-03-12,Our Family Wedding,14000000.0,20255281.0,21410546.0,7410546.0,0.5293247142857143,2010,our family wedding,our family wedding,2010.0,"Comedy,Romance",Comedy
7,2015-02-20,Hot Tub Time Machine 2,14000000.0,12314651.0,12826644.0,-1173356.0,-0.08381114285714286,2015,hot tub time machine 2,hot tub time machine 2,2015.0,"Comedy,Mystery,Sci-Fi",Comedy
10,2012-10-26,Fun Size,14000000.0,9409538.0,11166615.0,-2833385.0,-0.20238464285714286,2012,fun size,fun size,2012.0,"Adventure,Comedy",Adventure
16,2015-10-23,Suffragette,14000000.0,4702420.0,34044909.0,20044909.0,1.4317792142857142,2015,suffragette,suffragette,2015.0,"Biography,Drama,History",Biography
18,2014-12-19,Mr. Turner,14000000.0,3958546.0,25187026.0,11187026.0,0.7990732857142857,2014,mr. turner,mr. turner,2014.0,"Biography,Drama,History",Biography
22,2010-08-06,Flipped,14000000.0,1755212.0,4289993.0,-9710007.0,-0.6935719285714286,2010,flipped,flipped,2010.0,"Comedy,Drama,Romance",Comedy
27,2011-09-30,Margaret,14000000.0,47185.0,623292.0,-13376708.0,-0.9554791428571429,2011,margaret,margaret,2011.0,Drama,Drama
36,2012-10-12,Seven Psychopaths,13500000.0,15024049.0,33035736.0,19535736.0,1.4470915555555555,2012,seven psychopaths,seven psychopaths,2012.0,"Comedy,Crime",Comedy
44,2014-09-12,No Good Deed,13200000.0,52543632.0,54323210.0,41123210.0,3.115394696969697,2014,no good deed,no good deed,2014.0,"Action,Crime,Drama",Action
46,2010-12-03,Black Swan,13000000.0,106954678.0,331266710.0,318266710.0,24.482054615384616,2010,black swan,black swan,2010.0,"Drama,Thriller",Drama
48,2011-02-11,Justin Bieber: Never Say Never,13000000.0,73013910.0,99034125.0,86034125.0,6.618009615384615,2011,justin bieber never say never,justin bieber never say never,2011.0,"Documentary,Music",Documentary
49,2018-07-04,The First Purge,13000000.0,69488745.0,136617305.0,123617305.0,9.509023461538462,2018,the first purge,the first purge,2018.0,"Action,Horror,Sci-Fi",Action
50,2016-03-16,Miracles from Heaven,13000000.0,61705123.0,73798736.0,60798736.0,4.6768258461538466,2016,miracles from heaven,miracles from heaven,2016.0,"Biography,Drama,Family",Biography
54,2016-06-24,The Shallows,13000000.0,55121623.0,118763442.0,105763442.0,8.135649384615384,2016,the shallows,the shallows,2016.0,"Drama,Horror,Thriller",Drama
58,2014-02-14,About Last Night,13000000.0,48637684.0,50445860.0,37445860.0,2.880450769230769,2014,about last night,about last night,2014.0,"Comedy,Romance",Comedy
61,2014-10-10,St. Vincent,13000000.0,44137712.0,54837234.0,41837234.0,3.2182487692307693,2014,st. vincent,st. vincent,2014.0,"Comedy,Drama",Comedy
62,2014-07-02,Earth to Echo,13000000.0,38934842.0,42174545.0,29174545.0,2.2441957692307692,2014,earth to echo,earth to echo,2014.0,"Adventure,Family,Sci-Fi",Adventure
76,2013-03-22,Admission,13000000.0,18007317.0,18733666.0,5733666.0,0.44105123076923075,2013,admission,admission,2013.0,"Comedy,Drama,Romance",Comedy
77,2012-09-21,The Perks of Being a Wallflower,13000000.0,17742948.0,33069303.0,20069303.0,1.5437925384615385,2012,the perks of being a wallflower,the perks of being a wallflower,2012.0,Drama,Drama
80,2015-10-16,Room,13000000.0,14677674.0,36262783.0,23262783.0,1.7894448461538461,2015,room,room,2015.0,"Drama,Thriller",Drama
81,2015-10-16,Woodlawn,13000000.0,14394097.0,14403703.0,1403703.0,0.10797715384615385,2015,woodlawn,woodlawn,2015.0,"Drama,Sport",Drama
86,2015-07-17,Bajrangi Bhaijaan,13000000.0,8178001.0,121778347.0,108778347.0,8.367565153846154,2015,bajrangi bhaijaan,bajrangi bhaijaan,2015.0,"Action,Comedy,Drama",Action
95,2018-12-07,Ben is Back,13000000.0,3703182.0,9633111.0,-3366889.0,-0.25899146153846153,2018,ben is back,ben is back,2018.0,Drama,Drama
99,2015-12-04,Youth,13000000.0,2703296.0,24001573.0,11001573.0,0.8462748461538462,2015,youth,youth,2015.0,"Comedy,Drama,Music",Comedy
3,2015-07-24,The Vatican Tapes,13000000.0,1784763.0,14929184.0,1929184.0,0.14839876923076922,2015,the vatican tapes,the vatican tapes,2015.0,"Horror,Thriller",Horror
7,2011-07-29,Attack the Block,13000000.0,1024175.0,6459183.0,-6540817.0,-0.5031397692307692,2011,attack the block,attack the block,2011.0,"Action,Comedy,Sci-Fi",Action
8,2015-08-14,Brothers,13000000.0,656688.0,17856688.0,4856688.0,0.3735913846153846,2015,brothers,brothers,2015.0,Documentary,Documentary
8,2015-08-14,Brothers,13000000.0,656688.0,17856688.0,4856688.0,0.3735913846153846,2015,brothers,brothers,2015.0,"Action,Drama,Sport",Action
8,2015-08-14,Brothers,13000000.0,656688.0,17856688.0,4856688.0,0.3735913846153846,2015,brothers,brothers,2015.0,Documentary,Documentary
10,2011-12-23,In The Land of Blood and Honey,13000000.0,303877.0,509193.0,-12490807.0,-0.9608313076923077,2011,in the land of blood and honey,in the land of blood and honey,2011.0,"Drama,Romance,War",Drama
11,2010-06-18,The Killer Inside Me,13000000.0,217277.0,3617277.0,-9382723.0,-0.721747923076923,2010,the killer inside me,the killer inside me,2010.0,"Crime,Drama,Horror",Crime
14,2013-03-15,The Call,12800000.0,51872378.0,69821476.0,57021476.0,4.4548028125,2013,the call,the call,2013.0,"Crime,Drama,Horror",Crime
14,2013-03-15,The Call,12800000.0,51872378.0,69821476.0,57021476.0,4.4548028125,2013,the call,the call,2013.0,Documentary,Documentary
16,2014-09-12,The Drop,12600000.0,10724389.0,19054534.0,6454534.0,0.5122646031746032,2014,the drop,the drop,2014.0,"Crime,Drama",Crime
18,2010-09-03,Machete,12500000.0,26593646.0,46370970.0,33870970.0,2.7096776,2010,machete,machete,2010.0,"Action,Crime,Thriller",Action
28,2010-10-15,Conviction,12500000.0,6797696.0,11826980.0,-673020.0,-0.0538416,2010,conviction,conviction,2010.0,"Biography,Crime,Drama",Biography
32,2010-12-17,Casino Jack,12500000.0,2039869.0,2272186.0,-10227814.0,-0.81822512,2010,casino jack,casino jack,2010.0,"Biography,Comedy,Crime",Biography
37,2012-10-05,The Paperboy,12500000.0,677200.0,4027663.0,-8472337.0,-0.67778696,2012,the paperboy,the paperboy,2012.0,"Crime,Drama,Mystery",Crime
43,2014-06-06,The Fault in Our Stars,12000000.0,124872350.0,307166834.0,295166834.0,24.597236166666665,2014,the fault in our stars,the fault in our stars,2014.0,"Drama,Romance",Drama
45,2012-04-20,Think Like a Man,12000000.0,91547205.0,113373764.0,101373764.0,8.447813666666667,2012,think like a man,think like a man,2012.0,"Comedy,Romance",Comedy
46,2014-04-16,Heaven is for Real,12000000.0,91386097.0,100916299.0,88916299.0,7.409691583333333,2014,heaven is for real,heaven is for real,2014.0,"Biography,Drama,Family",Biography
52,2012-02-24,Act of Valor,12000000.0,70012847.0,82497035.0,70497035.0,5.874752916666667,2012,act of valor,act of valor,2012.0,"Action,Adventure,Drama",Action
55,2012-02-03,Chronicle,12000000.0,64575175.0,123681790.0,111681790.0,9.306815833333333,2012,chronicle,chronicle,2012.0,"Drama,Sci-Fi,Thriller",Drama
58,2012-03-02,Project X,12000000.0,54731865.0,103028188.0,91028188.0,7.585682333333334,2012,project x,project x,2012.0,Comedy,Comedy
59,2017-11-10,"Three Billboards Outside Ebbing, Missouri",12000000.0,54513740.0,160191915.0,148191915.0,12.34932625,2017,"three billboards outside ebbing, missouri","three billboards outside ebbing, missouri",2017.0,"Crime,Drama",Crime
60,2016-11-25,Lion,12000000.0,51739495.0,149570720.0,137570720.0,11.464226666666667,2016,lion,lion,2016.0,"Biography,Drama",Biography
61,2018-05-04,Overboard,12000000.0,50316123.0,85369830.0,73369830.0,6.1141525,2018,overboard,overboard,2018.0,"Comedy,Romance",Comedy
65,2013-11-22,Philomena,12000000.0,37709979.0,98963392.0,86963392.0,7.246949333333333,2013,philomena,philomena,2013.0,"Biography,Comedy,Drama",Biography
68,2015-07-24,Paper Towns,12000000.0,32000304.0,85450484.0,73450484.0,6.120873666666666,2015,paper towns,paper towns,2015.0,"Comedy,Drama,Mystery",Comedy
77,2016-08-12,Hell or High Water,12000000.0,27007844.0,37584304.0,25584304.0,2.1320253333333334,2016,hell or high water,hell or high water,2016.0,"Action,Crime,Drama",Action
79,2012-07-05,Katy Perry: Part of Me,12000000.0,25326071.0,32700439.0,20700439.0,1.7250365833333334,2012,katy perry part of me,katy perry part of me,2012.0,"Documentary,Music",Documentary
80,2014-12-12,Top Five,12000000.0,25317379.0,26001741.0,14001741.0,1.16681175,2014,top five,top five,2014.0,"Comedy,Romance",Comedy
84,2015-01-30,Project Almanac,12000000.0,22348241.0,32909437.0,20909437.0,1.7424530833333334,2015,project almanac,project almanac,2015.0,"Drama,Mystery,Sci-Fi",Drama
85,2010-05-14,Just Wright,12000000.0,21540363.0,21867665.0,9867665.0,0.8223054166666667,2010,just wright,just wright,2010.0,"Comedy,Romance,Sport",Comedy
91,2013-11-15,Nebraska,12000000.0,17654912.0,24761360.0,12761360.0,1.0634466666666667,2013,nebraska,nebraska,2013.0,"Adventure,Comedy,Drama",Adventure
94,2011-12-09,Young Adult,12000000.0,16311571.0,22750356.0,10750356.0,0.895863,2011,young adult,young adult,2011.0,"Comedy,Drama",Comedy
95,2013-11-01,About Time,12000000.0,15323921.0,89309178.0,77309178.0,6.4424315,2013,about time,about time,2013.0,"Comedy,Drama,Fantasy",Comedy
96,2018-12-14,If Beale Street Could Talk,12000000.0,14915773.0,19859167.0,7859167.0,0.6549305833333333,2018,if beale street could talk,if beale street could talk,2018.0,"Drama,Romance",Drama
97,2017-07-14,Wish Upon,12000000.0,14301505.0,23477345.0,11477345.0,0.9564454166666667,2017,wish upon,wish upon,2017.0,"Drama,Fantasy,Horror",Drama
4,2017-04-21,Unforgettable,12000000.0,11368012.0,16221211.0,4221211.0,0.35176758333333336,2017,unforgettable,unforgettable,2017.0,"Drama,Thriller",Drama
7,2017-10-13,Marshall,12000000.0,10051659.0,10116816.0,-1883184.0,-0.156932,2017,marshall,marshall,2017.0,"Biography,Crime,Drama",Biography
9,2012-09-14,Arbitrage,12000000.0,7919574.0,35830713.0,23830713.0,1.98589275,2012,arbitrage,arbitrage,2012.0,"Drama,Thriller",Drama
14,2012-06-01,For Greater Glory: The True Story of Cristiada,12000000.0,5669081.0,10026255.0,-1973745.0,-0.16447875,2012,for greater glory the true story of cristiada,for greater glory the true story of cristiada,2012.0,"Drama,History,War",Drama
29,2013-03-01,Stoker,12000000.0,1703125.0,12034913.0,34913.0,0.0029094166666666665,2013,stoker,stoker,2013.0,"Drama,Thriller",Drama
32,2011-03-11,Kill the Irishman,12000000.0,1188194.0,1188194.0,-10811806.0,-0.9009838333333333,2011,kill the irishman,kill the irishman,2011.0,"Biography,Crime,Drama",Biography
34,2012-04-20,Darling Companion,12000000.0,793352.0,1200346.0,-10799654.0,-0.8999711666666667,2012,darling companion,darling companion,2012.0,"Comedy,Drama,Romance",Comedy
46,2015-10-09,Trash,12000000.0,17484.0,6553186.0,-5446814.0,-0.4539011666666667,2015,trash,trash,2015.0,Drama,Drama
47,2011-08-19,5 Days of War,12000000.0,17479.0,87793.0,-11912207.0,-0.9926839166666667,2011,5 days of war,5 days of war,2011.0,"Action,Drama,War",Action
48,2015-11-11,10 Days in a Madhouse,12000000.0,14616.0,14616.0,-11985384.0,-0.998782,2015,10 days in a madhouse,10 days in a madhouse,2015.0,Drama,Drama
54,2014-10-03,Drive Hard,12000000.0,0.0,0.0,-12000000.0,-1.0,2014,drive hard,drive hard,2014.0,"Action,Comedy,Crime",Action
55,2015-10-30,Dancin' It's On,12000000.0,0.0,0.0,-12000000.0,-1.0,2015,dancin' it's on,dancin' it's on,2015.0,"Family,Musical,Romance",Family
60,2015-11-20,Carol,11800000.0,12711491.0,42843521.0,31043521.0,2.6308068644067797,2015,carol,carol,2015.0,"Drama,Romance",Drama
62,2016-01-22,Dirty Grandpa,11500000.0,35593113.0,105078449.0,93578449.0,8.137256434782609,2016,dirty grandpa,dirty grandpa,2016.0,Comedy,Comedy
68,2010-12-10,The Fighter,11000000.0,93617009.0,129262388.0,118262388.0,10.751126181818181,2010,the fighter,the fighter,2010.0,"Biography,Drama,Sport",Biography
73,2014-08-22,If I Stay,11000000.0,50474843.0,78356170.0,67356170.0,6.1232881818181815,2014,if i stay,if i stay,2014.0,"Drama,Fantasy,Music",Drama
79,2015-11-04,Brooklyn,11000000.0,38322743.0,62076141.0,51076141.0,4.643285545454545,2015,brooklyn,brooklyn,2015.0,"Drama,Romance",Drama
81,2015-04-01,Woman in Gold,11000000.0,33307793.0,58586407.0,47586407.0,4.326037,2015,woman in gold,woman in gold,2015.0,"Biography,Drama,History",Biography
83,2017-12-08,"I, Tonya",11000000.0,30014534.0,53797409.0,42797409.0,3.8906735454545456,2017,"i, tonya","i, tonya",2017.0,"Biography,Comedy,Drama",Biography
86,2019-02-14,Fighting With My Family,11000000.0,22958583.0,39049922.0,28049922.0,2.5499929090909093,2019,fighting with my family,fighting with my family,2019.0,"Biography,Comedy,Drama",Biography
94,2013-12-06,Inside Llewyn Davis,11000000.0,13248209.0,32943247.0,21943247.0,1.9948406363636364,2013,inside llewyn davis,inside llewyn davis,2013.0,"Drama,Music",Drama
98,2013-05-10,Peeples,11000000.0,9177065.0,9307166.0,-1692834.0,-0.153894,2013,peeples,peeples,2013.0,"Comedy,Romance",Comedy
100,2016-07-06,Sultan,11000000.0,5599781.0,72989781.0,61989781.0,5.6354346363636365,2016,sultan,sultan,2016.0,"Action,Drama,Sport",Action
14,2012-05-04,LOL,11000000.0,0.0,10431506.0,-568494.0,-0.05168127272727273,2012,lol,lol,2012.0,"Comedy,Drama,Romance",Comedy
15,2016-02-05,Misconduct,11000000.0,0.0,2352511.0,-8647489.0,-0.7861353636363636,2016,misconduct,misconduct,2016.0,"Crime,Drama,Mystery",Crime
16,2019-12-31,Eli,11000000.0,0.0,0.0,-11000000.0,-1.0,2019,eli,eli,2019.0,Horror,Horror
25,2013-12-06,The Last Days on Mars,10600000.0,24084.0,261364.0,-10338636.0,-0.9753430188679245,2013,the last days on mars,the last days on mars,2013.0,"Adventure,Horror,Sci-Fi",Adventure
34,2010-04-30,Housefull,10100000.0,1183658.0,18726300.0,8626300.0,0.8540891089108911,2010,housefull,housefull,2010.0,Comedy,Comedy
36,2018-10-19,Halloween,10000000.0,159342015.0,254900667.0,244900667.0,24.4900667,2018,halloween,halloween,2018.0,"Horror,Thriller",Horror
42,2016-07-01,The Purge: Election Year,10000000.0,79042440.0,118514727.0,108514727.0,10.8514727,2016,the purge election year,the purge election year,2016.0,"Action,Horror,Sci-Fi",Action
43,2018-05-18,Book Club,10000000.0,68566296.0,91113683.0,81113683.0,8.1113683,2018,book club,book club,2018.0,"Comedy,Drama,Romance",Comedy
45,2018-01-05,Insidious: The Last Key,10000000.0,67745330.0,167885588.0,157885588.0,15.7885588,2018,insidious the last key,insidious the last key,2018.0,"Horror,Mystery,Thriller",Horror
51,2015-06-05,Insidious Chapter 3,10000000.0,52218558.0,120453155.0,110453155.0,11.0453155,2015,insidious chapter 3,insidious chapter 3,2015.0,"Horror,Mystery,Thriller",Horror
53,2017-11-03,Lady Bird,10000000.0,48958273.0,78610769.0,68610769.0,6.8610769,2017,lady bird,lady bird,2017.0,"Comedy,Drama",Comedy
56,2018-06-08,Hereditary,10000000.0,44069456.0,70133905.0,60133905.0,6.0133905,2018,hereditary,hereditary,2018.0,"Drama,Horror,Mystery",Drama
57,2018-03-16,"Love, Simon",10000000.0,40826341.0,65520633.0,55520633.0,5.5520633,2018,"love, simon","love, simon",2018.0,"Comedy,Drama,Romance",Comedy
61,2017-10-27,Jigsaw,10000000.0,38052832.0,102445196.0,92445196.0,9.2445196,2017,jigsaw,jigsaw,2017.0,"Crime,Horror,Mystery",Crime
68,2016-01-22,The Boy,10000000.0,35819556.0,68220952.0,58220952.0,5.8220952,2016,the boy,the boy,2016.0,"Horror,Mystery,Thriller",Horror
70,2017-05-19,"Everything, Everything",10000000.0,34121140.0,61603136.0,51603136.0,5.1603136,2017,"everything, everything","everything, everything",2017.0,"Drama,Romance",Drama
71,2010-09-17,Devil,10000000.0,33679655.0,63354114.0,53354114.0,5.3354114,2010,devil,devil,2010.0,"Horror,Mystery,Thriller",Horror
73,2015-03-06,The Second Best Exotic Marigold Hotel,10000000.0,33078266.0,90384306.0,80384306.0,8.0384306,2015,the second best exotic marigold hotel,the second best exotic marigold hotel,2015.0,"Comedy,Drama",Comedy
75,2017-04-28,How to Be a Latin Lover,10000000.0,32149404.0,62556228.0,52556228.0,5.2556228,2017,how to be a latin lover,how to be a latin lover,2017.0,"Comedy,Drama",Comedy
80,2018-08-10,Slender Man,10000000.0,30564825.0,51723644.0,41723644.0,4.1723644,2018,slender man,slender man,2018.0,"Horror,Mystery,Thriller",Horror
84,2018-07-27,Teen Titans Go! To The Movies,10000000.0,29790236.0,51620593.0,41620593.0,4.1620593,2018,teen titans go to the movies,teen titans go to the movies,2018.0,"Action,Animation,Comedy",Action
85,2016-09-09,When the Bough Breaks,10000000.0,29747603.0,30768449.0,20768449.0,2.0768449,2016,when the bough breaks,when the bough breaks,2016.0,"Crime,Drama,Horror",Crime
88,2013-08-30,One Direction: This is Us,10000000.0,28873374.0,68541786.0,58541786.0,5.8541786,2013,one direction this is us,one direction this is us,2013.0,"Documentary,Music",Documentary
91,2015-08-21,Sinister 2,10000000.0,27740955.0,54104225.0,44104225.0,4.4104225,2015,sinister 2,sinister 2,2015.0,"Horror,Mystery,Thriller",Horror
92,2016-01-08,The Forest,10000000.0,26594261.0,40749230.0,30749230.0,3.074923,2016,the forest,the forest,2016.0,"Horror,Mystery,Thriller",Horror
92,2016-01-08,The Forest,10000000.0,26594261.0,40749230.0,30749230.0,3.074923,2016,the forest,the forest,2016.0,"Drama,Fantasy,Horror",Drama
96,2012-08-17,Sparkle,10000000.0,24397469.0,24660323.0,14660323.0,1.4660323,2012,sparkle,sparkle,2012.0,"Drama,Music",Drama
97,2016-10-14,Kevin Hart: What Now?,10000000.0,23591043.0,23591043.0,13591043.0,1.3591043,2016,kevin hart what now?,kevin hart what now?,2016.0,"Comedy,Documentary",Comedy
99,2010-11-12,Skyline,10000000.0,21416355.0,68264973.0,58264973.0,5.8264973,2010,skyline,skyline,2010.0,"Action,Sci-Fi,Thriller",Action
100,2017-12-01,The Disaster Artist,10000000.0,21120616.0,28717667.0,18717667.0,1.8717667,2017,the disaster artist,the disaster artist,2017.0,"Biography,Comedy,Drama",Biography
1,2016-09-16,Blair Witch,10000000.0,20777061.0,38985577.0,28985577.0,2.8985577,2016,blair witch,blair witch,2016.0,"Horror,Mystery,Thriller",Horror
7,2015-10-23,Paranormal Activity: The Ghost Dimension,10000000.0,18297124.0,77959374.0,67959374.0,6.7959374,2015,paranormal activity the ghost dimension,paranormal activity the ghost dimension,2015.0,"Horror,Mystery,Thriller",Horror
17,2016-10-07,The Birth of a Nation,10000000.0,15861566.0,16891011.0,6891011.0,0.6891011,2016,the birth of a nation,the birth of a nation,2016.0,"Biography,Drama,History",Biography
22,2011-11-23,My Week with Marilyn,10000000.0,14597405.0,34240572.0,24240572.0,2.4240572,2011,my week with marilyn,my week with marilyn,2011.0,"Biography,Drama",Biography
23,2014-12-25,Big Eyes,10000000.0,14482031.0,27317872.0,17317872.0,1.7317872,2014,big eyes,big eyes,2014.0,"Biography,Crime,Drama",Biography
23,2014-12-25,Big Eyes,10000000.0,14482031.0,27317872.0,17317872.0,1.7317872,2014,big eyes,big eyes,2014.0,Documentary,Documentary
34,2019-04-05,The Best of Enemies,10000000.0,10205616.0,10205616.0,205616.0,0.0205616,2019,the best of enemies,the best of enemies,2019.0,"Biography,Drama,History",Biography
39,2013-01-25,Movie 43,10000000.0,8840453.0,31164747.0,21164747.0,2.1164747,2013,movie 43,movie 43,2013.0,Comedy,Comedy
40,2018-10-19,Can You Ever Forgive Me?,10000000.0,8803865.0,11752387.0,1752387.0,0.1752387,2018,can you ever forgive me?,can you ever forgive me?,2018.0,"Biography,Comedy,Crime",Biography
42,2010-05-21,MacGruber,10000000.0,8525600.0,8629895.0,-1370105.0,-0.1370105,2010,macgruber,macgruber,2010.0,"Action,Comedy,Romance",Action
48,2012-06-22,Seeking a Friend for the End of the World,10000000.0,7078738.0,11766959.0,1766959.0,0.1766959,2012,seeking a friend for the end of the world,seeking a friend for the end of the world,2012.0,"Adventure,Comedy,Drama",Adventure
50,2016-11-11,Shut In,10000000.0,6900335.0,11360665.0,1360665.0,0.1360665,2016,shut in,shut in,2016.0,"Drama,Mystery,Thriller",Drama
51,2011-02-11,Cedar Rapids,10000000.0,6861102.0,7862131.0,-2137869.0,-0.2137869,2011,cedar rapids,cedar rapids,2011.0,Comedy,Comedy
52,2012-11-30,The Collection,10000000.0,6810754.0,8890094.0,-1109906.0,-0.1109906,2012,the collection,the collection,2012.0,"Action,Horror,Thriller",Action
59,2015-03-20,Danny Collins,10000000.0,5637066.0,8465845.0,-1534155.0,-0.1534155,2015,danny collins,danny collins,2015.0,"Biography,Comedy,Drama",Biography
64,2018-06-15,Gotti,10000000.0,4286367.0,6089100.0,-3910900.0,-0.39109,2018,gotti,gotti,2018.0,"Biography,Crime,Drama",Biography
66,2016-09-30,Denial,10000000.0,4073448.0,9263940.0,-736060.0,-0.073606,2016,denial,denial,2016.0,"Biography,Drama",Biography
66,2016-09-30,Denial,10000000.0,4073448.0,9263940.0,-736060.0,-0.073606,2016,denial,denial,2016.0,Documentary,Documentary
68,2016-10-14,Max Steel,10000000.0,3818664.0,4563080.0,-5436920.0,-0.543692,2016,max steel,max steel,2016.0,"Action,Adventure,Family",Action
69,2016-03-30,Everybody Wants Some,10000000.0,3400278.0,5437126.0,-4562874.0,-0.4562874,2016,everybody wants some,everybody wants some,2016.0,Comedy,Comedy
74,2014-11-14,Rosewater,10000000.0,3128941.0,3185717.0,-6814283.0,-0.6814283,2014,rosewater,rosewater,2014.0,"Biography,Drama",Biography
78,2011-09-09,Bucky Larson: Born to Be a Star,10000000.0,2529395.0,2529395.0,-7470605.0,-0.7470605,2011,bucky larson born to be a star,bucky larson born to be a star,2011.0,Comedy,Comedy
84,2011-06-24,A Better Life,10000000.0,1759252.0,1884251.0,-8115749.0,-0.8115749,2011,a better life,a better life,2011.0,"Drama,Romance",Drama
84,2011-06-24,A Better Life,10000000.0,1759252.0,1884251.0,-8115749.0,-0.8115749,2011,a better life,a better life,2011.0,Drama,Drama
91,2017-06-02,Churchill,10000000.0,1279681.0,7582196.0,-2417804.0,-0.2417804,2017,churchill,churchill,2017.0,"Biography,Drama,History",Biography
93,2014-03-21,50 to 1,10000000.0,1069454.0,1069454.0,-8930546.0,-0.8930546,2014,50 to 1,50 to 1,2014.0,Drama,Drama
100,2013-10-04,Parkland,10000000.0,641439.0,1616353.0,-8383647.0,-0.8383647,2013,parkland,parkland,2013.0,"Drama,History,Mystery",Drama
11,2013-05-03,"Cinco de Mayo, La Batalla",10000000.0,173472.0,173472.0,-9826528.0,-0.9826528,2013,"cinco de mayo, la batalla","cinco de mayo, la batalla",2013.0,"Drama,History,War",Drama
12,2010-10-29,Welcome to the Rileys,10000000.0,152857.0,355919.0,-9644081.0,-0.9644081,2010,welcome to the rileys,welcome to the rileys,2010.0,Drama,Drama
13,2016-09-09,Kicks,10000000.0,150191.0,150191.0,-9849809.0,-0.9849809,2016,kicks,kicks,2016.0,"Adventure,Drama",Adventure
20,2010-02-19,Blood Done Sign My Name,10000000.0,109383.0,109383.0,-9890617.0,-0.9890617,2010,blood done sign my name,blood done sign my name,2010.0,Drama,Drama
24,2014-11-07,Elsa & Fred,10000000.0,67657.0,197901.0,-9802099.0,-0.9802099,2014,elsa & fred,elsa & fred,2014.0,"Comedy,Drama,Romance",Comedy
27,2015-07-10,Strangerland,10000000.0,17472.0,161097.0,-9838903.0,-0.9838903,2015,strangerland,strangerland,2015.0,"Drama,Mystery,Thriller",Drama
32,2014-12-26,Barbecue,10000000.0,388.0,247565.0,-9752435.0,-0.9752435,2014,barbecue,barbecue,2014.0,Comedy,Comedy
33,2010-12-31,The Reef,10000000.0,0.0,15037867.0,5037867.0,0.5037867,2010,the reef,the reef,2010.0,"Adventure,Drama,Horror",Adventure
36,2010-10-08,It's a Wonderful Afterlife,10000000.0,0.0,1642939.0,-8357061.0,-0.8357061,2010,it's a wonderful afterlife,it's a wonderful afterlife,2010.0,"Comedy,Drama,Fantasy",Comedy
37,2011-06-21,You Got Served: Beat The World,10000000.0,0.0,1230542.0,-8769458.0,-0.8769458,2011,you got served beat the world,you got served beat the world,2011.0,"Drama,Music",Drama
39,2014-09-26,Plastic,10000000.0,0.0,575371.0,-9424629.0,-0.9424629,2014,plastic,plastic,2014.0,"Action,Comedy,Crime",Action
45,2012-04-13,Detention,10000000.0,0.0,0.0,-10000000.0,-1.0,2012,detention,detention,2012.0,Horror,Horror
47,2015-05-19,Into the Grizzly Maze,10000000.0,0.0,0.0,-10000000.0,-1.0,2015,into the grizzly maze,into the grizzly maze,2015.0,"Action,Adventure,Drama",Action
49,2010-04-30,Gunless,9900000.0,458054.0,458054.0,-9441946.0,-0.9537319191919192,2010,gunless,gunless,2010.0,"Action,Comedy,Drama",Action
51,2012-12-19,Amour,9700000.0,6738954.0,36787044.0,27087044.0,2.792478762886598,2012,amour,amour,2012.0,"Drama,Romance",Drama
56,2016-12-21,Dangal,9500000.0,12391761.0,294654618.0,285154618.0,30.01627557894737,2016,dangal,dangal,2016.0,"Action,Biography,Drama",Action
57,2010-03-19,The Runaways,9500000.0,3573673.0,5278632.0,-4221368.0,-0.4443545263157895,2010,the runaways,the runaways,2010.0,"Biography,Drama,Music",Biography
62,2011-11-11,Melancholia,9400000.0,3030848.0,21817298.0,12417298.0,1.3209891489361703,2011,melancholia,melancholia,2011.0,"Drama,Sci-Fi",Drama
64,2012-11-13,Jab Tak Hai Jaan,9200000.0,3047539.0,5806666.0,-3393334.0,-0.36884065217391304,2012,jab tak hai jaan,jab tak hai jaan,2012.0,"Drama,Romance",Drama
66,2010-05-21,Kites,9200000.0,1685269.0,17155193.0,7955193.0,0.8646948913043478,2010,kites,kites,2010.0,"Action,Drama,Romance",Action
67,2011-12-31,Red Dog,9100000.0,0.0,20927794.0,11827794.0,1.2997575824175824,2011,red dog,red dog,2011.0,"Biography,Comedy,Drama",Biography
71,2014-07-18,The Purge: Anarchy,9000000.0,71562550.0,111534881.0,102534881.0,11.392764555555555,2014,the purge anarchy,the purge anarchy,2014.0,"Action,Horror,Sci-Fi",Action
75,2016-10-21,Ouija: Origin of Evil,9000000.0,35144505.0,81831866.0,72831866.0,8.092429555555556,2016,ouija origin of evil,ouija origin of evil,2016.0,"Drama,Horror,Mystery",Drama
78,2019-02-13,Happy Death Day 2U,9000000.0,28051045.0,64179495.0,55179495.0,6.131055,2019,happy death day 2u,happy death day 2u,2019.0,"Drama,Horror,Mystery",Drama
86,2016-11-18,The Edge of Seventeen,9000000.0,14431633.0,19096003.0,10096003.0,1.1217781111111111,2016,the edge of seventeen,the edge of seventeen,2016.0,"Comedy,Drama",Comedy
87,2016-12-02,Jackie,9000000.0,13960394.0,36588512.0,27588512.0,3.0653902222222222,2016,jackie,jackie,2016.0,"Biography,Drama,History",Biography
90,2011-08-12,Glee: The 3D Concert Movie,9000000.0,11862398.0,17462398.0,8462398.0,0.9402664444444444,2011,glee the 3d concert movie,glee the 3d concert movie,2011.0,"Documentary,Music",Documentary
92,2016-11-04,Loving,9000000.0,7710234.0,12898064.0,3898064.0,0.43311822222222224,2016,loving,loving,2016.0,"Biography,Drama,Romance",Biography
96,2019-05-17,The Sun is Also a Star,9000000.0,4950029.0,5434029.0,-3565971.0,-0.396219,2019,the sun is also a star,the sun is also a star,2019.0,"Drama,Romance",Drama
4,2016-08-26,Greater,9000000.0,2000093.0,2000093.0,-6999907.0,-0.7777674444444445,2016,greater,greater,2016.0,"Biography,Family,Sport",Biography
5,2018-12-25,Destroyer,9000000.0,1533324.0,3681096.0,-5318904.0,-0.5909893333333334,2018,destroyer,destroyer,2018.0,"Action,Crime,Drama",Action
25,2015-11-13,Heist,8900000.0,50136.0,3324131.0,-5575869.0,-0.6265021348314607,2015,heist,heist,2015.0,"Action,Crime,Thriller",Action
25,2015-11-13,Heist,8900000.0,50136.0,3324131.0,-5575869.0,-0.6265021348314607,2015,heist,heist,2015.0,Action,Action
30,2016-11-18,Manchester by the Sea,8500000.0,47695371.0,77733867.0,69233867.0,8.145160823529412,2016,manchester by the sea,manchester by the sea,2016.0,Drama,Drama
33,2015-02-20,The DUFF,8500000.0,34030343.0,43528634.0,35028634.0,4.1210157647058825,2015,the duff,the duff,2015.0,"Comedy,Romance",Comedy
34,2014-10-31,Nightcrawler,8500000.0,32381218.0,50334418.0,41834418.0,4.921696235294117,2014,nightcrawler,nightcrawler,2014.0,"Crime,Drama,Thriller",Crime
38,2013-09-27,Baggage Claim,8500000.0,21569509.0,22885836.0,14385836.0,1.692451294117647,2013,baggage claim,baggage claim,2013.0,Comedy,Comedy
39,2016-10-07,Middle School: The Worst Years of My Life,8500000.0,20007149.0,23311293.0,14811293.0,1.7425050588235294,2016,middle school the worst years of my life,middle school the worst years of my life,2016.0,"Comedy,Family",Comedy
43,2013-10-18,All is Lost,8500000.0,6263670.0,10386814.0,1886814.0,0.22197811764705883,2013,all is lost,all is lost,2013.0,"Action,Adventure,Drama",Action
47,2014-06-13,The Rover,8500000.0,1109199.0,3180252.0,-5319748.0,-0.625852705882353,2014,the rover,the rover,2014.0,"Action,Crime,Drama",Action
50,2017-12-31,Posledniy bogatyr,8500000.0,0.0,30700192.0,22200192.0,2.611787294117647,2017,posledniy bogatyr,posledniy bogatyr,2017.0,"Action,Adventure,Comedy",Action
52,2010-02-12,My Name is Khan,8470000.0,4046336.0,42355526.0,33885526.0,4.000652420306966,2010,my name is khan,my name is khan,2010.0,Drama,Drama
54,2013-05-31,Yeh Jawaani Hai Deewani,8300000.0,3827466.0,50827466.0,42527466.0,5.123791084337349,2013,yeh jawaani hai deewani,yeh jawaani hai deewani,2013.0,"Comedy,Drama,Musical",Comedy
67,2010-09-17,Easy A,8000000.0,58401464.0,76200721.0,68200721.0,8.525090125,2010,easy a,easy a,2010.0,"Comedy,Drama,Romance",Comedy
72,2019-05-03,The Intruder,8000000.0,35095904.0,36005871.0,28005871.0,3.500733875,2019,the intruder,the intruder,2019.0,"Drama,Horror,Mystery",Drama
73,2011-09-30,50/50,8000000.0,35016118.0,41334735.0,33334735.0,4.166841875,2011,50/50,50/50,2011.0,"Comedy,Drama,Romance",Comedy
75,2015-09-02,A Walk in the Woods,8000000.0,29499394.0,37119358.0,29119358.0,3.63991975,2015,a walk in the woods,a walk in the woods,2015.0,"Adventure,Biography,Comedy",Adventure
78,2014-01-31,That Awkward Moment,8000000.0,26068955.0,53068955.0,45068955.0,5.633619375,2014,that awkward moment,that awkward moment,2014.0,"Comedy,Romance",Comedy
88,2013-09-18,Enough Said,8000000.0,17550872.0,25621449.0,17621449.0,2.202681125,2013,enough said,enough said,2013.0,"Comedy,Drama,Romance",Comedy
97,2011-04-29,Prom,8000000.0,10130219.0,10763183.0,2763183.0,0.345397875,2011,prom,prom,2011.0,"Comedy,Drama,Family",Comedy
100,2015-06-12,Me and Earl and the Dying Girl,8000000.0,6758416.0,9266180.0,1266180.0,0.1582725,2015,me and earl and the dying girl,me and earl and the dying girl,2015.0,"Comedy,Drama,Romance",Comedy
1,2010-10-08,It's Kind of a Funny Story,8000000.0,6363628.0,6632950.0,-1367050.0,-0.17088125,2010,it's kind of a funny story,it's kind of a funny story,2010.0,"Comedy,Drama,Romance",Comedy
5,2016-09-02,Morgan,8000000.0,3915251.0,7298786.0,-701214.0,-0.08765175,2016,morgan,morgan,2016.0,"Action,Horror,Sci-Fi",Action
6,2015-12-30,Anomalisa,8000000.0,3759286.0,5706168.0,-2293832.0,-0.286729,2015,anomalisa,anomalisa,2015.0,"Animation,Comedy,Drama",Animation
8,2010-12-29,Another Year,8000000.0,3205706.0,20005613.0,12005613.0,1.500701625,2010,another year,another year,2010.0,"Comedy,Drama",Comedy
14,2010-11-19,Made in Dagenham,8000000.0,1095369.0,15644196.0,7644196.0,0.9555245,2010,made in dagenham,made in dagenham,2010.0,"Biography,Comedy,Drama",Biography
24,2018-10-26,London Fields,8000000.0,252676.0,433732.0,-7566268.0,-0.9457835,2018,london fields,london fields,2018.0,"Crime,Mystery,Thriller",Crime
25,2011-09-16,Restless,8000000.0,163753.0,2772511.0,-5227489.0,-0.653436125,2011,restless,restless,2011.0,"Drama,Romance",Drama
28,2010-10-29,Wild Target,8000000.0,109338.0,5314194.0,-2685806.0,-0.33572575,2010,wild target,wild target,2010.0,"Action,Comedy,Crime",Action
31,2016-11-18,A Street Cat Named Bob,8000000.0,82703.0,17382693.0,9382693.0,1.172836625,2016,a street cat named bob,a street cat named bob,2016.0,"Biography,Comedy,Drama",Biography
41,2018-04-24,Backstabbing For Beginners,8000000.0,0.0,343773.0,-7656227.0,-0.957028375,2018,backstabbing for beginners,backstabbing for beginners,2018.0,"Drama,History,Romance",Drama
42,2014-08-12,Swelter,8000000.0,0.0,44197.0,-7955803.0,-0.994475375,2014,swelter,swelter,2014.0,"Action,Crime,Drama",Action
47,2016-05-06,Code of Honor,8000000.0,0.0,0.0,-8000000.0,-1.0,2016,code of honor,code of honor,2016.0,"Action,Crime,Thriller",Action
67,2011-12-21,Albert Nobbs,7500000.0,3014696.0,8539003.0,1039003.0,0.13853373333333333,2011,albert nobbs,albert nobbs,2011.0,"Drama,Romance",Drama
68,2016-06-24,The Neon Demon,7500000.0,1333124.0,3559803.0,-3940197.0,-0.5253596,2016,the neon demon,the neon demon,2016.0,"Horror,Thriller",Horror
76,2015-05-15,Pound of Flesh,7500000.0,0.0,0.0,-7500000.0,-1.0,2015,pound of flesh,pound of flesh,2015.0,"Action,Thriller",Action
77,2017-01-13,The Bye Bye Man,7400000.0,22395806.0,31187727.0,23787727.0,3.214557702702703,2017,the bye bye man,the bye bye man,2017.0,"Drama,Fantasy,Horror",Drama
88,2012-06-29,Magic Mike,7000000.0,113721571.0,170549753.0,163549753.0,23.364250428571427,2012,magic mike,magic mike,2012.0,"Comedy,Drama",Comedy
90,2018-03-16,I Can Only Imagine,7000000.0,83482352.0,85604221.0,78604221.0,11.22917442857143,2018,i can only imagine,i can only imagine,2018.0,"Biography,Drama,Family",Biography
91,2019-03-15,Five Feet Apart,7000000.0,45729221.0,80504421.0,73504421.0,10.500631571428572,2019,five feet apart,five feet apart,2019.0,"Drama,Romance",Drama
93,2011-05-06,Jumping the Broom,7000000.0,37295394.0,38158601.0,31158601.0,4.4512287142857145,2011,jumping the broom,jumping the broom,2011.0,"Comedy,Drama",Comedy
4,2017-04-07,Gifted,7000000.0,24801212.0,36964656.0,29964656.0,4.280665142857143,2017,gifted,gifted,2017.0,Drama,Drama
11,2015-06-19,Dope,7000000.0,17506470.0,18190831.0,11190831.0,1.598690142857143,2015,dope,dope,2015.0,"Comedy,Crime,Drama",Comedy
13,2019-05-24,BrightBurn,7000000.0,16794432.0,27989498.0,20989498.0,2.9984997142857144,2019,brightburn,brightburn,2019.0,"Horror,Sci-Fi",Horror
14,2014-01-17,Devil's Due,7000000.0,15821461.0,36146087.0,29146087.0,4.163726714285715,2014,devil's due,devil's due,2014.0,"Horror,Mystery,Thriller",Horror
16,2014-11-14,Beyond the Lights,7000000.0,14618727.0,14618727.0,7618727.0,1.0883895714285714,2014,beyond the lights,beyond the lights,2014.0,"Drama,Music,Romance",Drama
27,2010-06-18,Cyrus,7000000.0,7468936.0,10062896.0,3062896.0,0.4375565714285714,2010,cyrus,cyrus,2010.0,"Crime,Horror,Mystery",Crime
27,2010-06-18,Cyrus,7000000.0,7468936.0,10062896.0,3062896.0,0.4375565714285714,2010,cyrus,cyrus,2010.0,"Comedy,Drama,Romance",Comedy
42,2010-12-22,Somewhere,7000000.0,1785645.0,17023121.0,10023121.0,1.4318744285714287,2010,somewhere,somewhere,2010.0,"Comedy,Drama",Comedy
45,2013-11-15,The Christmas Candle,7000000.0,1632000.0,1933829.0,-5066171.0,-0.7237387142857142,2013,the christmas candle,the christmas candle,2013.0,"Drama,Family",Drama
51,2015-10-02,Freeheld,7000000.0,546201.0,1732228.0,-5267772.0,-0.7525388571428572,2015,freeheld,freeheld,2015.0,"Biography,Drama,Romance",Biography
53,2010-07-30,The Extra Man,7000000.0,453377.0,492108.0,-6507892.0,-0.9296988571428572,2010,the extra man,the extra man,2010.0,Comedy,Comedy
59,2010-03-26,Ca$h,7000000.0,46488.0,46488.0,-6953512.0,-0.9933588571428571,2010,ca$h,ca$h,2010.0,"Crime,Thriller",Crime
63,2016-12-06,Oddball,7000000.0,0.0,10237229.0,3237229.0,0.46246128571428574,2016,oddball,oddball,2016.0,Documentary,Documentary
67,2015-11-20,Criminal Activities,7000000.0,0.0,386744.0,-6613256.0,-0.9447508571428571,2015,criminal activities,criminal activities,2015.0,"Crime,Drama,Thriller",Crime
73,2012-09-21,House at the End of the Street,6900000.0,31611916.0,44103982.0,37203982.0,5.391881449275362,2012,house at the end of the street,house at the end of the street,2012.0,"Drama,Horror,Thriller",Drama
76,2010-09-17,Incendies,6800000.0,6857096.0,16038343.0,9238343.0,1.3585798529411766,2010,incendies,incendies,2010.0,"Drama,Mystery,War",Drama
84,2014-10-03,Annabelle,6500000.0,84273813.0,256862920.0,250362920.0,38.517372307692305,2014,annabelle,annabelle,2014.0,"Horror,Mystery,Thriller",Horror
95,2017-10-20,Same Kind of Different as Me,6500000.0,6423605.0,6423605.0,-76395.0,-0.011753076923076923,2017,same kind of different as me,same kind of different as me,2017.0,"Biography,Drama",Biography
97,2011-12-02,Shame,6500000.0,4002293.0,20412841.0,13912841.0,2.1404370769230767,2011,shame,shame,2011.0,Drama,Drama
99,2013-05-31,The East,6500000.0,2274649.0,3027956.0,-3472044.0,-0.5341606153846153,2013,the east,the east,2013.0,"Adventure,Drama,Thriller",Adventure
19,2018-05-11,Breaking In,6000000.0,46840590.0,51411620.0,45411620.0,7.568603333333333,2018,breaking in,breaking in,2018.0,"Action,Crime,Drama",Action
33,2019-03-29,Unplanned,6000000.0,18107621.0,18107621.0,12107621.0,2.017936833333333,2019,unplanned,unplanned,2019.0,"Biography,Drama",Biography
36,2019-02-08,The Prodigy,6000000.0,14856291.0,19789712.0,13789712.0,2.2982853333333333,2019,the prodigy,the prodigy,2019.0,"Horror,Thriller",Horror
37,2018-11-30,The Possession of Hannah Grace,6000000.0,14836174.0,42785387.0,36785387.0,6.130897833333333,2018,the possession of hannah grace,the possession of hannah grace,2018.0,"Horror,Mystery,Thriller",Horror
46,2012-09-07,The Words,6000000.0,11494838.0,16369708.0,10369708.0,1.7282846666666667,2012,the words,the words,2012.0,"Drama,Mystery,Romance",Drama
53,2012-03-16,Casa de mi Padre,6000000.0,5909483.0,8446952.0,2446952.0,0.4078253333333333,2012,casa de mi padre,casa de mi padre,2012.0,"Comedy,Western",Comedy
54,2011-07-29,The Guard,6000000.0,5359774.0,21197454.0,15197454.0,2.532909,2011,the guard,the guard,2011.0,"Comedy,Crime,Thriller",Comedy
61,2014-07-18,Wish I Was Here,6000000.0,3591299.0,6591365.0,591365.0,0.09856083333333333,2014,wish i was here,wish i was here,2014.0,"Comedy,Drama",Comedy
63,2014-03-14,Veronica Mars,6000000.0,3322127.0,3485383.0,-2514617.0,-0.4191028333333333,2014,veronica mars,veronica mars,2014.0,"Crime,Drama,Mystery",Crime
70,2011-07-15,Snow Flower and the Secret Fan,6000000.0,1348205.0,11348205.0,5348205.0,0.8913675,2011,snow flower and the secret fan,snow flower and the secret fan,2011.0,"Drama,History",Drama
71,2018-09-14,Mandy,6000000.0,1214525.0,1427656.0,-4572344.0,-0.7620573333333334,2018,mandy,mandy,2018.0,"Action,Fantasy,Horror",Action
83,2012-12-07,Deadfall,6000000.0,66351.0,1673635.0,-4326365.0,-0.7210608333333334,2012,deadfall,deadfall,2012.0,"Crime,Drama,Thriller",Crime
91,2010-02-09,Icarus,6000000.0,0.0,0.0,-6000000.0,-1.0,2010,icarus,icarus,2010.0,Thriller,Thriller
95,2011-05-10,The Hit List,6000000.0,0.0,0.0,-6000000.0,-1.0,2011,the hit list,the hit list,2011.0,"Action,Thriller",Action
3,2012-10-05,Trade of Innocents,5800000.0,15091.0,15091.0,-5784909.0,-0.9973981034482758,2012,trade of innocents,trade of innocents,2012.0,"Drama,Thriller",Drama
11,2010-07-16,Standing Ovation,5600000.0,531806.0,531806.0,-5068194.0,-0.9050346428571429,2010,standing ovation,standing ovation,2010.0,Musical,Musical
12,2012-12-07,Khiladi 786,5600000.0,385422.0,14683763.0,9083763.0,1.6221005357142857,2012,khiladi 786,khiladi 786,2012.0,"Action,Comedy",Action
18,2013-09-27,Don Jon,5500000.0,24477704.0,41268579.0,35768579.0,6.503378,2013,don jon,don jon,2013.0,"Comedy,Drama,Romance",Comedy
20,2018-09-28,Hell Fest,5500000.0,11107431.0,18119231.0,12619231.0,2.2944056363636363,2018,hell fest,hell fest,2018.0,Horror,Horror
29,2011-10-21,Le Havre,5500000.0,611709.0,13480196.0,7980196.0,1.4509447272727272,2011,le havre,le havre,2011.0,"Comedy,Drama",Comedy
31,2011-07-15,Salvation Boulevard,5500000.0,28468.0,28468.0,-5471532.0,-0.994824,2011,salvation boulevard,salvation boulevard,2011.0,"Action,Comedy,Drama",Action
46,2011-04-22,Dum Maaro Dum,5200000.0,564489.0,11633427.0,6433427.0,1.2371975,2011,dum maaro dum,dum maaro dum,2011.0,"Action,Crime,Drama",Action
49,2017-02-24,Get Out,5000000.0,176040665.0,255367951.0,250367951.0,50.0735902,2017,get out,get out,2017.0,"Horror,Mystery,Thriller",Horror
51,2011-10-21,Paranormal Activity 3,5000000.0,104028807.0,207039844.0,202039844.0,40.4079688,2011,paranormal activity 3,paranormal activity 3,2011.0,"Horror,Mystery,Thriller",Horror
53,2013-09-13,Insidious Chapter 2,5000000.0,83586447.0,161921515.0,156921515.0,31.384303,2013,insidious chapter 2,insidious chapter 2,2013.0,"Horror,Mystery,Thriller",Horror
54,2016-03-11,10 Cloverfield Lane,5000000.0,72082999.0,108286422.0,103286422.0,20.6572844,2016,10 cloverfield lane,10 cloverfield lane,2016.0,"Drama,Horror,Mystery",Drama
55,2016-07-22,Lights Out,5000000.0,67268835.0,148806510.0,143806510.0,28.761302,2016,lights out,lights out,2016.0,"Drama,Horror,Mystery",Drama
55,2016-07-22,Lights Out,5000000.0,67268835.0,148806510.0,143806510.0,28.761302,2016,lights out,lights out,2016.0,Documentary,Documentary
56,2015-09-11,The Visit,5000000.0,65206105.0,98677816.0,93677816.0,18.7355632,2015,the visit,the visit,2015.0,"Horror,Mystery,Thriller",Horror
58,2017-10-13,Happy Death Day,5000000.0,55683845.0,125010260.0,120010260.0,24.002052,2017,happy death day,happy death day,2017.0,"Horror,Mystery,Thriller",Horror
59,2012-10-19,Paranormal Activity 4,5000000.0,53900335.0,142817992.0,137817992.0,27.5635984,2012,paranormal activity 4,paranormal activity 4,2012.0,"Horror,Mystery,Thriller",Horror
60,2014-10-24,Ouija,5000000.0,50856010.0,103300632.0,98300632.0,19.6601264,2014,ouija,ouija,2014.0,"Horror,Mystery,Thriller",Horror
63,2015-08-07,The Gift,5000000.0,43787265.0,58978477.0,53978477.0,10.7956954,2015,the gift,the gift,2015.0,"Drama,Mystery,Thriller",Drama
64,2017-06-23,The Big Sick,5000000.0,42872467.0,53972860.0,48972860.0,9.794572,2017,the big sick,the big sick,2017.0,"Comedy,Drama,Romance",Comedy
66,2019-05-31,MA,5000000.0,36049540.0,44300625.0,39300625.0,7.860125,2019,ma,ma,2019.0,"Horror,Thriller",Horror
70,2014-01-03,Paranormal Activity: The Marked Ones,5000000.0,32462372.0,90904854.0,85904854.0,17.1809708,2014,paranormal activity the marked ones,paranormal activity the marked ones,2014.0,"Horror,Mystery,Thriller",Horror
73,2013-11-01,Dallas Buyers Club,5000000.0,27298285.0,60611845.0,55611845.0,11.122369,2013,dallas buyers club,dallas buyers club,2013.0,"Biography,Drama",Biography
74,2015-08-26,No Escape,5000000.0,27288872.0,42844516.0,37844516.0,7.5689032,2015,no escape,no escape,2015.0,"Action,Thriller",Action
76,2015-02-27,The Lazarus Effect,5000000.0,25801570.0,38359310.0,33359310.0,6.671862,2015,the lazarus effect,the lazarus effect,2015.0,"Horror,Mystery,Sci-Fi",Horror
78,2011-08-26,Our Idiot Brother,5000000.0,24814830.0,25861249.0,20861249.0,4.1722498,2011,our idiot brother,our idiot brother,2011.0,"Comedy,Drama",Comedy
79,2018-03-09,The Strangers: Prey at Night,5000000.0,24431472.0,29960051.0,24960051.0,4.9920102,2018,the strangers prey at night,the strangers prey at night,2018.0,Horror,Horror
83,2013-07-05,The Way Way Back,5000000.0,21502690.0,26853810.0,21853810.0,4.370762,2013,the way way back,the way way back,2013.0,"Comedy,Drama",Comedy
84,2014-08-29,"As Above, So Below",5000000.0,21222315.0,41824066.0,36824066.0,7.3648132,2014,"as above, so below","as above, so below",2014.0,"Adventure,Horror,Mystery",Adventure
90,2016-02-19,Race,5000000.0,19115191.0,23745772.0,18745772.0,3.7491544,2016,race,race,2016.0,"Biography,Drama,Sport",Biography
94,2011-09-02,Apollo 18,5000000.0,17686929.0,26517819.0,21517819.0,4.3035638,2011,apollo 18,apollo 18,2011.0,"Horror,Mystery,Sci-Fi",Horror
95,2018-03-23,"Paul, Apostle of Christ",5000000.0,17547999.0,25529498.0,20529498.0,4.1058996,2018,"paul, apostle of christ","paul, apostle of christ",2018.0,"Adventure,Biography,Drama",Adventure
96,2014-10-10,Addicted,5000000.0,17390770.0,17499242.0,12499242.0,2.4998484,2014,addicted,addicted,2014.0,"Drama,Thriller",Drama
96,2014-10-10,Addicted,5000000.0,17390770.0,17499242.0,12499242.0,2.4998484,2014,addicted,addicted,2014.0,"Documentary,Music",Documentary
4,2017-06-09,It Comes at Night,5000000.0,13985117.0,19720203.0,14720203.0,2.9440406,2017,it comes at night,it comes at night,2017.0,"Horror,Mystery",Horror
12,2017-03-03,Before I Fall,5000000.0,12241072.0,18945682.0,13945682.0,2.7891364,2017,before i fall,before i fall,2017.0,"Drama,Fantasy,Mystery",Drama
15,2016-01-29,Fifty Shades of Black,5000000.0,11686940.0,22113075.0,17113075.0,3.422615,2016,fifty shades of black,fifty shades of black,2016.0,Comedy,Comedy
22,2016-03-11,The Perfect Match,5000000.0,9669521.0,10182050.0,5182050.0,1.03641,2016,the perfect match,the perfect match,2016.0,"Comedy,Romance",Comedy
29,2018-09-21,Fahrenheit 11/9,5000000.0,6352306.0,6653715.0,1653715.0,0.330743,2018,fahrenheit 11/9,fahrenheit 11/9,2018.0,Documentary,Documentary
31,2010-05-28,Sea Rex 3D: Journey to a Prehistoric World,5000000.0,6096582.0,16515203.0,11515203.0,2.3030406,2010,sea rex 3d journey to a prehistoric world,sea rex 3d journey to a prehistoric world,2010.0,Documentary,Documentary
38,2015-09-11,90 Minutes in Heaven,5000000.0,4816142.0,4816142.0,-183858.0,-0.0367716,2015,90 minutes in heaven,90 minutes in heaven,2015.0,Drama,Drama
39,2016-12-02,Incarnate,5000000.0,4799774.0,9371036.0,4371036.0,0.8742072,2016,incarnate,incarnate,2016.0,"Horror,Thriller",Horror
45,2017-03-03,Table 19,5000000.0,3614896.0,4620399.0,-379601.0,-0.0759202,2017,table 19,table 19,2017.0,"Comedy,Drama,Romance",Comedy
49,2016-03-04,The Other Side of the Door,5000000.0,3000342.0,12905107.0,7905107.0,1.5810214,2016,the other side of the door,the other side of the door,2016.0,Horror,Horror
51,2014-10-10,Kill the Messenger,5000000.0,2450846.0,6656705.0,1656705.0,0.331341,2014,kill the messenger,kill the messenger,2014.0,"Biography,Crime,Drama",Biography
52,2010-12-17,Rabbit Hole,5000000.0,2229058.0,6205034.0,1205034.0,0.2410068,2010,rabbit hole,rabbit hole,2010.0,Drama,Drama
53,2015-10-23,Jem and the Holograms,5000000.0,2184640.0,2368937.0,-2631063.0,-0.5262126,2015,jem and the holograms,jem and the holograms,2015.0,"Adventure,Drama,Family",Adventure
54,2016-12-28,Paterson,5000000.0,2141423.0,10727536.0,5727536.0,1.1455072,2016,paterson,paterson,2016.0,"Comedy,Drama,Romance",Comedy
60,2014-09-12,Atlas Shrugged: Who Is John Galt?,5000000.0,851690.0,851690.0,-4148310.0,-0.829662,2014,atlas shrugged who is john galt?,atlas shrugged who is john galt?,2014.0,"Drama,Mystery,Sci-Fi",Drama
64,2013-08-16,Ain't Them Bodies Saints,5000000.0,391611.0,1075009.0,-3924991.0,-0.7849982,2013,ain't them bodies saints,ain't them bodies saints,2013.0,"Crime,Drama,Romance",Crime
71,2015-08-07,Cop Car,5000000.0,134552.0,143658.0,-4856342.0,-0.9712684,2015,cop car,cop car,2015.0,"Crime,Thriller",Crime
78,2014-10-17,Rudderless,5000000.0,56001.0,567219.0,-4432781.0,-0.8865562,2014,rudderless,rudderless,2014.0,"Comedy,Drama,Music",Comedy
81,2015-05-15,Area 51,5000000.0,7556.0,7556.0,-4992444.0,-0.9984888,2015,area 51,area 51,2015.0,"Horror,Sci-Fi,Thriller",Horror
85,2014-12-05,Dying of the Light,5000000.0,0.0,74639.0,-4925361.0,-0.9850722,2014,dying of the light,dying of the light,2014.0,"Drama,Thriller",Drama
86,2016-09-02,Yoga Hosers,5000000.0,0.0,22958.0,-4977042.0,-0.9954084,2016,yoga hosers,yoga hosers,2016.0,"Action,Comedy,Fantasy",Action
90,2014-11-21,Reach Me,5000000.0,0.0,0.0,-5000000.0,-1.0,2014,reach me,reach me,2014.0,"Comedy,Crime,Drama",Comedy
91,2014-08-18,Henry & Me,5000000.0,0.0,0.0,-5000000.0,-1.0,2014,henry & me,henry & me,2014.0,"Animation,Family",Animation
96,2012-12-31,Should've Been Romeo,5000000.0,0.0,0.0,-5000000.0,-1.0,2012,should've been romeo,should've been romeo,2012.0,"Comedy,Drama",Comedy
100,2015-10-27,Running Forever,5000000.0,0.0,0.0,-5000000.0,-1.0,2015,running forever,running forever,2015.0,Family,Family
1,2015-01-23,Mommy,4900000.0,3498695.0,17536004.0,12636004.0,2.5787763265306123,2015,mommy,mommy,2015.0,Drama,Drama
8,2013-07-19,Only God Forgives,4800000.0,775849.0,4494560.0,-305440.0,-0.06363333333333333,2013,only god forgives,only god forgives,2013.0,"Crime,Drama",Crime
9,2011-09-30,Take Shelter,4750000.0,1728953.0,4972016.0,222016.0,0.04674021052631579,2011,take shelter,take shelter,2011.0,"Drama,Horror,Thriller",Drama
14,2011-12-31,Without Men,4700000.0,0.0,0.0,-4700000.0,-1.0,2011,without men,without men,2011.0,Comedy,Comedy
18,2012-09-14,Barfi,4600000.0,2804874.0,36751984.0,32151984.0,6.989561739130435,2012,barfi,barfi,2012.0,"Comedy,Drama,Romance",Comedy
46,2011-10-07,Blackthorn,4500000.0,200558.0,1217307.0,-3282693.0,-0.7294873333333334,2011,blackthorn,blackthorn,2011.0,"Action,Adventure,Western",Action
47,2015-05-08,Maggie,4500000.0,187112.0,1027760.0,-3472240.0,-0.7716088888888889,2015,maggie,maggie,2015.0,"Drama,Horror",Drama
54,2014-09-04,Falcon Rising,4500000.0,11774.0,11774.0,-4488226.0,-0.9973835555555556,2014,falcon rising,falcon rising,2014.0,"Action,Adventure",Action
55,2013-06-25,Hansel & Gretel Get Baked,4500000.0,0.0,0.0,-4500000.0,-1.0,2013,hansel & gretel get baked,hansel & gretel get baked,2013.0,"Comedy,Horror",Comedy
56,2014-11-07,Fugly,4500000.0,0.0,0.0,-4500000.0,-1.0,2014,fugly,fugly,2014.0,Comedy,Comedy
56,2014-11-07,Fugly,4500000.0,0.0,0.0,-4500000.0,-1.0,2014,fugly,fugly,2014.0,"Drama,Thriller",Drama
57,2015-08-28,Zipper,4500000.0,0.0,0.0,-4500000.0,-1.0,2015,zipper,zipper,2015.0,"Drama,Thriller",Drama
58,2015-11-03,The Final Girls,4500000.0,0.0,0.0,-4500000.0,-1.0,2015,the final girls,the final girls,2015.0,"Comedy,Drama,Fantasy",Comedy
59,2017-12-01,Daisy Winters,4500000.0,0.0,0.0,-4500000.0,-1.0,2017,daisy winters,daisy winters,2017.0,Drama,Drama
71,2010-08-13,Animal Kingdom,4200000.0,1044039.0,8078683.0,3878683.0,0.9234959523809524,2010,animal kingdom,animal kingdom,2010.0,"Crime,Drama",Crime
73,2011-10-21,Cargo,4200000.0,0.0,313230.0,-3886770.0,-0.9254214285714286,2011,cargo,cargo,2011.0,Drama,Drama
81,2015-01-23,The Boy Next Door,4000000.0,36006065.0,53401938.0,49401938.0,12.3504845,2015,the boy next door,the boy next door,2015.0,"Horror,Thriller",Horror
85,2014-07-11,Boyhood,4000000.0,25379975.0,57273049.0,53273049.0,13.31826225,2014,boyhood,boyhood,2014.0,Drama,Drama
87,2010-07-09,The Kids Are All Right,4000000.0,20811365.0,36275469.0,32275469.0,8.06886725,2010,the kids are all right,the kids are all right,2010.0,"Comedy,Drama,Romance",Comedy
89,2014-04-18,A Haunted House 2,4000000.0,17329487.0,21206861.0,17206861.0,4.30171525,2014,a haunted house 2,a haunted house 2,2014.0,"Comedy,Fantasy",Comedy
90,2013-03-01,The Last Exorcism Part II,4000000.0,15179303.0,25448707.0,21448707.0,5.36217675,2013,the last exorcism part ii,the last exorcism part ii,2013.0,"Drama,Horror,Thriller",Drama
98,2016-05-13,The Darkness,4000000.0,10753574.0,10898293.0,6898293.0,1.72457325,2016,the darkness,the darkness,2016.0,"Horror,Thriller",Horror
98,2016-05-13,The Darkness,4000000.0,10753574.0,10898293.0,6898293.0,1.72457325,2016,the darkness,the darkness,2016.0,Thriller,Thriller
20,2011-06-17,The Art of Getting By,4000000.0,1430241.0,1989035.0,-2010965.0,-0.50274125,2011,the art of getting by,the art of getting by,2011.0,"Drama,Romance",Drama
22,2011-09-23,Red State,4000000.0,1065429.0,1983596.0,-2016404.0,-0.504101,2011,red state,red state,2011.0,"Action,Crime,Horror",Action
25,2012-10-17,Holy Motors,4000000.0,641054.0,4230426.0,230426.0,0.0576065,2012,holy motors,holy motors,2012.0,"Drama,Fantasy",Drama
26,2014-06-13,The Signal,4000000.0,600896.0,2665322.0,-1334678.0,-0.3336695,2014,the signal,the signal,2014.0,"Drama,Mystery,Sci-Fi",Drama
30,2014-04-11,Joe,4000000.0,373375.0,373375.0,-3626625.0,-0.90665625,2014,joe,joe,2014.0,Documentary,Documentary
30,2014-04-11,Joe,4000000.0,373375.0,373375.0,-3626625.0,-0.90665625,2014,joe,joe,2014.0,"Biography,Documentary",Biography
35,2019-06-07,Late Night,4000000.0,246305.0,246305.0,-3753695.0,-0.93842375,2019,late night,late night,2019.0,"Comedy,Drama",Comedy
51,2014-04-18,13 Sins,4000000.0,9134.0,47552.0,-3952448.0,-0.988112,2014,13 sins,13 sins,2014.0,"Horror,Thriller",Horror
52,2011-11-18,Another Happy Day,4000000.0,9120.0,978527.0,-3021473.0,-0.75536825,2011,another happy day,another happy day,2011.0,"Comedy,Drama",Comedy
65,2014-07-11,The Perfect Wave,4000000.0,0.0,0.0,-4000000.0,-1.0,2014,the perfect wave,the perfect wave,2014.0,"Adventure,Biography,Drama",Adventure
67,2015-09-08,Chain of Command,4000000.0,0.0,0.0,-4000000.0,-1.0,2015,chain of command,chain of command,2015.0,"Action,Thriller",Action
79,2010-11-05,Four Lions,3750000.0,310007.0,2436111.0,-1313889.0,-0.3503704,2010,four lions,four lions,2010.0,"Comedy,Crime,Drama",Comedy
91,2018-04-13,Truth or Dare,3500000.0,41411015.0,95127344.0,91627344.0,26.179241142857144,2018,truth or dare,truth or dare,2018.0,"Horror,Thriller",Horror
91,2018-04-13,Truth or Dare,3500000.0,41411015.0,95127344.0,91627344.0,26.179241142857144,2018,truth or dare,truth or dare,2018.0,"Comedy,Drama,Romance",Comedy
95,2018-02-02,Winchester,3500000.0,25091816.0,44378040.0,40878040.0,11.67944,2018,winchester,winchester,2018.0,"Biography,Drama,Fantasy",Biography
97,2013-02-22,Dark Skies,3500000.0,17418667.0,27704111.0,24204111.0,6.9154602857142855,2013,dark skies,dark skies,2013.0,"Horror,Sci-Fi,Thriller",Horror
98,2018-01-19,Forever My Girl,3500000.0,16376066.0,16376066.0,12876066.0,3.678876,2018,forever my girl,forever my girl,2018.0,"Drama,Music,Romance",Drama
13,2016-12-02,Believe,3500000.0,890303.0,890303.0,-2609697.0,-0.7456277142857143,2016,believe,believe,2016.0,Drama,Drama
15,2016-09-30,American Honey,3500000.0,663247.0,2611750.0,-888250.0,-0.2537857142857143,2016,american honey,american honey,2016.0,"Adventure,Drama,Romance",Adventure
19,2016-01-08,The Masked Saint,3500000.0,182695.0,182695.0,-3317305.0,-0.9478014285714286,2016,the masked saint,the masked saint,2016.0,"Action,Biography,Crime",Action
25,2011-12-31,The Kick,3500000.0,0.0,40622.0,-3459378.0,-0.9883937142857143,2011,the kick,the kick,2011.0,"Action,Sport",Action
37,2011-10-21,Margin Call,3400000.0,5353586.0,20433227.0,17033227.0,5.009772647058823,2011,margin call,margin call,2011.0,"Drama,Thriller",Drama
43,2014-10-10,Whiplash,3300000.0,13092006.0,38969037.0,35669037.0,10.80879909090909,2014,whiplash,whiplash,2014.0,"Drama,Music",Drama
54,2018-07-06,Sorry to Bother You,3200000.0,17493096.0,18285560.0,15085560.0,4.7142375,2018,sorry to bother you,sorry to bother you,2018.0,"Comedy,Fantasy,Sci-Fi",Comedy
65,2010-10-20,Paranormal Activity 2,3000000.0,84752907.0,177512032.0,174512032.0,58.17067733333333,2010,paranormal activity 2,paranormal activity 2,2010.0,Horror,Horror
66,2015-08-28,War Room,3000000.0,67790117.0,73975239.0,70975239.0,23.658413,2015,war room,war room,2015.0,Drama,Drama
67,2013-06-07,The Purge,3000000.0,64473115.0,91266581.0,88266581.0,29.422193666666665,2013,the purge,the purge,2013.0,"Horror,Thriller",Horror
69,2012-10-12,Sinister,3000000.0,48086903.0,87727807.0,84727807.0,28.242602333333334,2012,sinister,sinister,2012.0,"Horror,Mystery,Thriller",Horror
89,2018-06-01,Upgrade,3000000.0,11977130.0,16553285.0,13553285.0,4.517761666666667,2018,upgrade,upgrade,2018.0,"Action,Sci-Fi,Thriller",Action
99,2013-05-24,Before Midnight,3000000.0,8110621.0,23251930.0,20251930.0,6.7506433333333336,2013,before midnight,before midnight,2013.0,"Drama,Romance",Drama
3,2017-10-27,Let There Be Light,3000000.0,7233471.0,7241309.0,4241309.0,1.4137696666666666,2017,let there be light,let there be light,2017.0,Drama,Drama
3,2017-10-27,Let There Be Light,3000000.0,7233471.0,7241309.0,4241309.0,1.4137696666666666,2017,let there be light,let there be light,2017.0,Documentary,Documentary
10,2016-06-24,Swiss Army Man,3000000.0,4210454.0,5837111.0,2837111.0,0.9457036666666667,2016,swiss army man,swiss army man,2016.0,"Adventure,Comedy,Drama",Adventure
15,2010-04-30,Please Give,3000000.0,4033574.0,4570178.0,1570178.0,0.5233926666666666,2010,please give,please give,2010.0,"Comedy,Drama",Comedy
21,2016-04-22,Compadres,3000000.0,3127773.0,7445044.0,4445044.0,1.4816813333333334,2016,compadres,compadres,2016.0,"Action,Comedy,Crime",Action
25,2010-04-09,Letters to God,3000000.0,2848587.0,3237452.0,237452.0,0.07915066666666666,2010,letters to god,letters to god,2010.0,"Drama,Family",Drama
28,2014-09-19,Tusk,3000000.0,1821983.0,1887554.0,-1112446.0,-0.37081533333333333,2014,tusk,tusk,2014.0,"Comedy,Drama,Horror",Comedy
29,2017-05-12,The Wall,3000000.0,1803064.0,4495262.0,1495262.0,0.4984206666666667,2017,the wall,the wall,2017.0,"Action,Drama,Thriller",Action
29,2017-05-12,The Wall,3000000.0,1803064.0,4495262.0,1495262.0,0.4984206666666667,2017,the wall,the wall,2017.0,Documentary,Documentary
29,2017-05-12,The Wall,3000000.0,1803064.0,4495262.0,1495262.0,0.4984206666666667,2017,the wall,the wall,2017.0,Documentary,Documentary
33,2011-05-06,Hobo with a Shotgun,3000000.0,703372.0,834953.0,-2165047.0,-0.7216823333333333,2011,hobo with a shotgun,hobo with a shotgun,2011.0,"Action,Comedy,Horror",Action
34,2015-05-08,The D Train,3000000.0,669688.0,772366.0,-2227634.0,-0.7425446666666666,2015,the d train,the d train,2015.0,"Comedy,Drama",Comedy
35,2012-09-07,Bachelorette,3000000.0,446770.0,12577401.0,9577401.0,3.192467,2012,bachelorette,bachelorette,2012.0,"Comedy,Romance",Comedy
38,2011-09-09,Creature,3000000.0,331000.0,331000.0,-2669000.0,-0.8896666666666667,2011,creature,creature,2011.0,Horror,Horror
39,2016-12-09,The Bounce Back,3000000.0,321910.0,421404.0,-2578596.0,-0.859532,2016,the bounce back,the bounce back,2016.0,"Comedy,Romance",Comedy
44,2012-03-02,Tim and Eric's Billion Dollar Movie,3000000.0,201436.0,223652.0,-2776348.0,-0.9254493333333333,2012,tim and eric's billion dollar movie,tim and eric's billion dollar movie,2012.0,Comedy,Comedy
58,2014-06-27,They Came Together,3000000.0,0.0,82780.0,-2917220.0,-0.9724066666666666,2014,they came together,they came together,2014.0,"Comedy,Romance",Comedy
59,2013-05-21,Open Road,3000000.0,0.0,47469.0,-2952531.0,-0.984177,2013,open road,open road,2013.0,"Action,Drama,Thriller",Action
61,2010-10-01,Barry Munday,3000000.0,0.0,0.0,-3000000.0,-1.0,2010,barry munday,barry munday,2010.0,"Comedy,Drama,Romance",Comedy
65,2015-12-31,AWOL-72,3000000.0,0.0,0.0,-3000000.0,-1.0,2015,awol-72,awol-72,2015.0,"Action,Thriller",Action
66,2013-01-15,30 Nights Of Paranormal Activity With The Devil Inside The Girl With The Dragon Tattoo,3000000.0,0.0,0.0,-3000000.0,-1.0,2013,30 nights of paranormal activity with the devil inside the girl with the dragon tattoo,30 nights of paranormal activity with the devil inside the girl with the dragon tattoo,2013.0,Comedy,Comedy
73,2015-12-31,Unnatural,3000000.0,0.0,0.0,-3000000.0,-1.0,2015,unnatural,unnatural,2015.0,"Action,Horror,Sci-Fi",Action
74,2015-12-11,Close Range,3000000.0,0.0,0.0,-3000000.0,-1.0,2015,close range,close range,2015.0,"Action,Crime",Action
80,2010-10-01,Freakonomics,2900000.0,101270.0,172867.0,-2727133.0,-0.9403906896551724,2010,freakonomics,freakonomics,2010.0,Documentary,Documentary
93,2018-10-26,Indivisible,2700000.0,3511417.0,3588305.0,888305.0,0.3290018518518519,2018,indivisible,indivisible,2018.0,"Drama,War",Drama
95,2015-12-31,Sardaar Ji,2700000.0,0.0,8200000.0,5500000.0,2.037037037037037,2015,sardaar ji,sardaar ji,2015.0,"Comedy,Fantasy,Horror",Comedy
12,2013-01-11,A Haunted House,2500000.0,40041683.0,59922558.0,57422558.0,22.9690232,2013,a haunted house,a haunted house,2013.0,"Comedy,Fantasy",Comedy
14,2013-07-03,Kevin Hart: Let Me Explain,2500000.0,32244051.0,32327255.0,29827255.0,11.930902,2013,kevin hart let me explain,kevin hart let me explain,2013.0,"Comedy,Documentary",Comedy
22,2013-08-02,The Spectacular Now,2500000.0,6852971.0,6916951.0,4416951.0,1.7667804,2013,the spectacular now,the spectacular now,2013.0,"Comedy,Drama,Romance",Comedy
25,2016-06-24,Hunt for the Wilderpeople,2500000.0,5205471.0,23845533.0,21345533.0,8.5382132,2016,hunt for the wilderpeople,hunt for the wilderpeople,2016.0,"Adventure,Comedy,Drama",Adventure
26,2012-08-17,Robot & Frank,2500000.0,3317468.0,4934356.0,2434356.0,0.9737424,2012,robot & frank,robot & frank,2012.0,"Comedy,Crime,Drama",Comedy
31,2013-03-01,The Lost Medallion: The Adventures of Billy Stone,2500000.0,549632.0,549632.0,-1950368.0,-0.7801472,2013,the lost medallion the adventures of billy stone,the lost medallion the adventures of billy stone,2013.0,"Adventure,Family,Fantasy",Adventure
38,2010-06-18,8: The Mormon Proposition,2500000.0,100280.0,100280.0,-2399720.0,-0.959888,2010,8 the mormon proposition,8 the mormon proposition,2010.0,Documentary,Documentary
41,2013-08-16,Underdogs,2500000.0,35017.0,1392649.0,-1107351.0,-0.4429404,2013,underdogs,underdogs,2013.0,"Adventure,Animation,Family",Adventure
41,2013-08-16,Underdogs,2500000.0,35017.0,1392649.0,-1107351.0,-0.4429404,2013,underdogs,underdogs,2013.0,"Drama,Family,Sport",Drama
45,2010-12-31,Christmas Mail,2500000.0,0.0,0.0,-2500000.0,-1.0,2010,christmas mail,christmas mail,2010.0,"Comedy,Drama,Family",Comedy
46,2015-07-03,Stung,2500000.0,0.0,0.0,-2500000.0,-1.0,2015,stung,stung,2015.0,"Action,Adventure,Comedy",Action
49,2016-09-02,Antibirth,2500000.0,0.0,0.0,-2500000.0,-1.0,2016,antibirth,antibirth,2016.0,Horror,Horror
51,2014-12-31,Not Safe For Work,2500000.0,0.0,0.0,-2500000.0,-1.0,2014,not safe for work,not safe for work,2014.0,Thriller,Thriller
52,2011-05-13,Go For It!,2450000.0,180237.0,182358.0,-2267642.0,-0.9255681632653061,2011,go for it,go for it,2011.0,"Drama,Musical",Drama
57,2014-11-14,Always Woodstock,2400000.0,0.0,0.0,-2400000.0,-1.0,2014,always woodstock,always woodstock,2014.0,"Comedy,Music,Romance",Comedy
60,2015-03-20,Do You Believe?,2300000.0,12985600.0,14304931.0,12004931.0,5.2195352173913045,2015,do you believe?,do you believe?,2015.0,Drama,Drama
63,2014-09-05,Frontera,2300000.0,59696.0,59696.0,-2240304.0,-0.9740452173913043,2014,frontera,frontera,2014.0,"Drama,Thriller,Western",Drama
66,2016-01-19,Eden,2300000.0,0.0,0.0,-2300000.0,-1.0,2016,eden,eden,2016.0,Drama,Drama
85,2015-10-06,The Timber,2100000.0,0.0,0.0,-2100000.0,-1.0,2015,the timber,the timber,2015.0,"Action,Adventure,Drama",Action
87,2011-09-30,Courageous,2000000.0,34522221.0,35185884.0,33185884.0,16.592942,2011,courageous,courageous,2011.0,Drama,Drama
95,2018-07-13,Eighth Grade,2000000.0,13539710.0,14341016.0,12341016.0,6.170508,2018,eighth grade,eighth grade,2018.0,"Comedy,Drama",Comedy
8,2010-06-11,Winter's Bone,2000000.0,6531503.0,16131551.0,14131551.0,7.0657755,2010,winter's bone,winter's bone,2010.0,"Drama,Mystery",Drama
9,2014-10-10,Meet the Mormons,2000000.0,6047363.0,6049171.0,4049171.0,2.0245855,2014,meet the mormons,meet the mormons,2014.0,Documentary,Documentary
11,2017-10-06,The Florida Project,2000000.0,5904366.0,11295324.0,9295324.0,4.647662,2017,the florida project,the florida project,2017.0,Drama,Drama
12,2017-08-25,All Saints,2000000.0,5802208.0,5941994.0,3941994.0,1.970997,2017,all saints,all saints,2017.0,Drama,Drama
17,2010-10-08,Inside Job,2000000.0,4311834.0,7799257.0,5799257.0,2.8996285,2010,inside job,inside job,2010.0,"Crime,Documentary",Crime
20,2015-08-28,We Are Your Friends,2000000.0,3591417.0,10153415.0,8153415.0,4.0767075,2015,we are your friends,we are your friends,2015.0,"Drama,Music,Romance",Drama
23,2015-09-18,Captive,2000000.0,2583301.0,2791973.0,791973.0,0.3959865,2015,captive,captive,2015.0,"Action,Crime,Drama",Action
25,2018-06-08,Hearts Beat Loud,2000000.0,2386254.0,2420962.0,420962.0,0.210481,2018,hearts beat loud,hearts beat loud,2018.0,"Comedy,Drama,Music",Comedy
35,2015-08-07,The Diary of a Teenage Girl,2000000.0,1477002.0,2279959.0,279959.0,0.1399795,2015,the diary of a teenage girl,the diary of a teenage girl,2015.0,"Comedy,Drama,Romance",Comedy
41,2014-11-28,The Babadook,2000000.0,950792.0,7482387.0,5482387.0,2.7411935,2014,the babadook,the babadook,2014.0,"Drama,Horror",Drama
44,2010-09-24,The Virginity Hit,2000000.0,636706.0,636706.0,-1363294.0,-0.681647,2010,the virginity hit,the virginity hit,2010.0,Comedy,Comedy
57,2014-09-19,Pump,2000000.0,72277.0,72277.0,-1927723.0,-0.9638615,2014,pump,pump,2014.0,Documentary,Documentary
62,2015-10-09,Knock Knock,2000000.0,36336.0,6328516.0,4328516.0,2.164258,2015,knock knock,knock knock,2015.0,"Drama,Thriller",Drama
67,2012-10-19,The First Time,2000000.0,17061.0,17061.0,-1982939.0,-0.9914695,2012,the first time,the first time,2012.0,"Comedy,Drama,Romance",Comedy
69,2010-08-27,Circle,2000000.0,10024.0,10024.0,-1989976.0,-0.994988,2010,circle,circle,2010.0,"Horror,Thriller",Horror
73,2013-09-13,Plush,2000000.0,3080.0,28864.0,-1971136.0,-0.985568,2013,plush,plush,2013.0,"Drama,Music,Thriller",Drama
74,2012-10-26,The Ghastly Love of Johnny X,2000000.0,2436.0,2436.0,-1997564.0,-0.998782,2012,the ghastly love of johnny x,the ghastly love of johnny x,2012.0,"Comedy,Fantasy,Musical",Comedy
76,2011-09-09,Grave Encounters,2000000.0,0.0,2151887.0,151887.0,0.0759435,2011,grave encounters,grave encounters,2011.0,Horror,Horror
77,2015-10-23,Bone Tomahawk,2000000.0,0.0,475846.0,-1524154.0,-0.762077,2015,bone tomahawk,bone tomahawk,2015.0,"Adventure,Drama,Horror",Adventure
87,2013-03-19,Straight A's,2000000.0,0.0,0.0,-2000000.0,-1.0,2013,straight a's,straight a's,2013.0,"Comedy,Drama",Comedy
89,2012-12-31,Highway,2000000.0,0.0,0.0,-2000000.0,-1.0,2012,highway,highway,2012.0,Comedy,Comedy
89,2012-12-31,Highway,2000000.0,0.0,0.0,-2000000.0,-1.0,2012,highway,highway,2012.0,Drama,Drama
91,2013-07-09,Coffee Town,2000000.0,0.0,0.0,-2000000.0,-1.0,2013,coffee town,coffee town,2013.0,Comedy,Comedy
92,2014-12-31,Lucky Dog,2000000.0,0.0,0.0,-2000000.0,-1.0,2014,lucky dog,lucky dog,2014.0,Family,Family
96,2015-03-20,The Walking Deceased,2000000.0,0.0,0.0,-2000000.0,-1.0,2015,the walking deceased,the walking deceased,2015.0,"Comedy,Horror",Comedy
97,2011-12-31,True Bromance,2000000.0,0.0,0.0,-2000000.0,-1.0,2011,true bromance,true bromance,2011.0,Comedy,Comedy
98,2015-08-21,The Curse of Downers Grove,2000000.0,0.0,0.0,-2000000.0,-1.0,2015,the curse of downers grove,the curse of downers grove,2015.0,"Drama,Horror,Mystery",Drama
99,2015-12-31,Wind Walkers,2000000.0,0.0,0.0,-2000000.0,-1.0,2015,wind walkers,wind walkers,2015.0,"Action,Horror,Thriller",Action
100,2016-07-08,The Dog Lover,2000000.0,0.0,0.0,-2000000.0,-1.0,2016,the dog lover,the dog lover,2016.0,Drama,Drama
1,2015-12-01,Shark Lake,2000000.0,0.0,0.0,-2000000.0,-1.0,2015,shark lake,shark lake,2015.0,"Action,Adventure,Crime",Action
2,2010-09-24,Buried,1987650.0,1044143.0,21270290.0,19282640.0,9.701225064774986,2010,buried,buried,2010.0,"Drama,Mystery,Thriller",Drama
8,2015-04-24,Brotherly Love,1900000.0,478595.0,478595.0,-1421405.0,-0.7481078947368421,2015,brotherly love,brotherly love,2015.0,Drama,Drama
8,2015-04-24,Brotherly Love,1900000.0,478595.0,478595.0,-1421405.0,-0.7481078947368421,2015,brotherly love,brotherly love,2015.0,Horror,Horror
11,2013-02-08,ABCD (Any Body Can Dance),1900000.0,222098.0,10137234.0,8237234.0,4.335386315789473,2013,abcd (any body can dance),abcd (any body can dance),2013.0,"Drama,Music",Drama
13,2013-07-26,Stranded,1900000.0,0.0,285593.0,-1614407.0,-0.8496878947368421,2013,stranded,stranded,2013.0,"Horror,Sci-Fi",Horror
14,2015-12-31,Vaalu,1900000.0,0.0,12444.0,-1887556.0,-0.9934505263157895,2015,vaalu,vaalu,2015.0,"Comedy,Romance",Comedy
15,2010-08-27,The Last Exorcism,1800000.0,41034350.0,70165900.0,68365900.0,37.98105555555556,2010,the last exorcism,the last exorcism,2010.0,"Drama,Horror,Thriller",Drama
18,2012-06-27,Beasts of the Southern Wild,1800000.0,12795746.0,23265132.0,21465132.0,11.925073333333334,2012,beasts of the southern wild,beasts of the southern wild,2012.0,"Adventure,Drama,Fantasy",Adventure
25,2011-08-23,Higher Ground,1800000.0,841056.0,842693.0,-957307.0,-0.5318372222222222,2011,higher ground,higher ground,2011.0,Drama,Drama
31,2012-02-03,Dysfunctional Friends,1800000.0,0.0,0.0,-1800000.0,-1.0,2012,dysfunctional friends,dysfunctional friends,2012.0,"Comedy,Drama",Comedy
32,2013-12-31,Independence Daysaster,1800000.0,0.0,0.0,-1800000.0,-1.0,2013,independence daysaster,independence daysaster,2013.0,"Action,Adventure,Sci-Fi",Action
37,2010-10-08,I Spit on Your Grave,1750000.0,93051.0,1278471.0,-471529.0,-0.2694451428571429,2010,i spit on your grave,i spit on your grave,2010.0,"Horror,Thriller",Horror
43,2013-10-04,Grace Unplugged,1700000.0,2507159.0,2507159.0,807159.0,0.47479941176470586,2013,grace unplugged,grace unplugged,2013.0,"Drama,Music",Drama
54,2010-10-15,N-Secure,1600000.0,2595644.0,2595644.0,995644.0,0.6222775,2010,n-secure,n-secure,2010.0,"Crime,Drama,Thriller",Crime
60,2014-09-26,Two Night Stand,1600000.0,15600.0,868081.0,-731919.0,-0.457449375,2014,two night stand,two night stand,2014.0,"Comedy,Romance",Comedy
64,2016-10-21,Moonlight,1500000.0,27854931.0,65245512.0,63745512.0,42.497008,2016,moonlight,moonlight,2016.0,Drama,Drama
70,2018-03-23,Unsane,1500000.0,7690044.0,14244931.0,12744931.0,8.496620666666667,2018,unsane,unsane,2018.0,"Drama,Horror,Mystery",Drama
77,2013-07-26,The To Do List,1500000.0,3491669.0,4128828.0,2628828.0,1.752552,2013,the to do list,the to do list,2013.0,"Comedy,Romance",Comedy
85,2016-10-21,31,1500000.0,779820.0,922727.0,-577273.0,-0.38484866666666667,2016,31,31,2016.0,"Horror,Thriller",Horror
100,2013-10-25,The Square,1500000.0,124244.0,176262.0,-1323738.0,-0.882492,2013,the square,the square,2013.0,"Documentary,Drama,History",Documentary
100,2013-10-25,The Square,1500000.0,124244.0,176262.0,-1323738.0,-0.882492,2013,the square,the square,2013.0,Documentary,Documentary
2,2015-03-06,Road Hard,1500000.0,113169.0,113169.0,-1386831.0,-0.924554,2015,road hard,road hard,2015.0,Comedy,Comedy
7,2014-10-17,Housebound,1500000.0,0.0,236863.0,-1263137.0,-0.8420913333333333,2014,housebound,housebound,2014.0,"Comedy,Horror,Mystery",Comedy
8,2018-07-20,Teefa in Trouble,1500000.0,0.0,98806.0,-1401194.0,-0.9341293333333334,2018,teefa in trouble,teefa in trouble,2018.0,"Action,Comedy,Crime",Action
10,2014-04-17,Closer to the Moon,1500000.0,0.0,5396.0,-1494604.0,-0.9964026666666667,2014,closer to the moon,closer to the moon,2014.0,"Comedy,Crime,Drama",Comedy
12,2011-06-03,The Lion of Judah,1500000.0,0.0,0.0,-1500000.0,-1.0,2011,the lion of judah,the lion of judah,2011.0,Animation,Animation
16,2015-11-20,#Horror,1500000.0,0.0,0.0,-1500000.0,-1.0,2015,#horror,#horror,2015.0,"Crime,Drama,Horror",Crime
17,2015-09-08,Checkmate,1500000.0,0.0,0.0,-1500000.0,-1.0,2015,checkmate,checkmate,2015.0,"Action,Crime,Thriller",Action
21,2015-11-20,Mustang,1400000.0,845464.0,5552584.0,4152584.0,2.9661314285714284,2015,mustang,mustang,2015.0,Drama,Drama
26,2010-05-01,My Girlfriend's Boyfriend,1400000.0,0.0,0.0,-1400000.0,-1.0,2010,my girlfriend's boyfriend,my girlfriend's boyfriend,2010.0,"Comedy,Romance",Comedy
28,2014-12-31,House at the End of the Drive,1400000.0,0.0,0.0,-1400000.0,-1.0,2014,house at the end of the drive,house at the end of the drive,2014.0,"Horror,Thriller",Horror
51,2014-10-17,Dear White People,1250000.0,4404154.0,5403771.0,4153771.0,3.3230168,2014,dear white people,dear white people,2014.0,"Comedy,Drama,Romance",Comedy
66,2013-04-19,Home Run,1200000.0,2859955.0,2859955.0,1659955.0,1.3832958333333334,2013,home run,home run,2013.0,"Drama,Sport",Drama
72,2012-04-13,Blue Like Jazz,1200000.0,595018.0,595018.0,-604982.0,-0.5041516666666667,2012,blue like jazz,blue like jazz,2012.0,"Comedy,Drama",Comedy
84,2012-09-07,Crowsnest,1200000.0,0.0,0.0,-1200000.0,-1.0,2012,crowsnest,crowsnest,2012.0,"Horror,Mystery,Thriller",Horror
85,2012-09-14,Airborne,1200000.0,0.0,0.0,-1200000.0,-1.0,2012,airborne,airborne,2012.0,"Comedy,Crime,Horror",Comedy
87,2015-02-03,Bleeding Hearts,1200000.0,0.0,0.0,-1200000.0,-1.0,2015,bleeding hearts,bleeding hearts,2015.0,Horror,Horror
2,2014-11-21,The Sleepwalker,1100000.0,2636.0,2636.0,-1097364.0,-0.9976036363636364,2014,the sleepwalker,the sleepwalker,2014.0,Drama,Drama
7,2010-12-31,The Dead Undead,1100000.0,0.0,0.0,-1100000.0,-1.0,2010,the dead undead,the dead undead,2010.0,"Action,Horror,Sci-Fi",Action
8,2013-12-31,The Vatican Exorcisms,1100000.0,0.0,0.0,-1100000.0,-1.0,2013,the vatican exorcisms,the vatican exorcisms,2013.0,Horror,Horror
12,2012-01-06,The Devil Inside,1000000.0,53262945.0,101759490.0,100759490.0,100.75949,2012,the devil inside,the devil inside,2012.0,Horror,Horror
18,2012-05-25,Chernobyl Diaries,1000000.0,18119640.0,42411721.0,41411721.0,41.411721,2012,chernobyl diaries,chernobyl diaries,2012.0,"Horror,Mystery,Thriller",Horror
25,2010-12-29,Blue Valentine,1000000.0,9737892.0,16566240.0,15566240.0,15.56624,2010,blue valentine,blue valentine,2010.0,"Drama,Romance",Drama
29,2018-07-20,Unfriended: Dark Web,1000000.0,8866745.0,16434588.0,15434588.0,15.434588,2018,unfriended dark web,unfriended dark web,2018.0,"Crime,Horror,Mystery",Crime
33,2012-10-19,The Sessions,1000000.0,6002451.0,11495204.0,10495204.0,10.495204,2012,the sessions,the sessions,2012.0,"Biography,Comedy,Drama",Biography
36,2014-09-12,The Skeleton Twins,1000000.0,5284309.0,5797192.0,4797192.0,4.797192,2014,the skeleton twins,the skeleton twins,2014.0,"Comedy,Drama,Romance",Comedy
37,2013-06-14,20 Feet From Stardom,1000000.0,4946250.0,5892466.0,4892466.0,4.892466,2013,20 feet from stardom,20 feet from stardom,2013.0,"Documentary,Music",Documentary
41,2014-06-06,Obvious Child,1000000.0,3122616.0,3324070.0,2324070.0,2.32407,2014,obvious child,obvious child,2014.0,"Comedy,Drama,Romance",Comedy
42,2011-10-21,Martha Marcy May Marlene,1000000.0,2981038.0,5438911.0,4438911.0,4.438911,2011,martha marcy may marlene,martha marcy may marlene,2011.0,"Drama,Mystery,Thriller",Drama
56,2017-08-18,Patti Cake$,1000000.0,800148.0,1471090.0,471090.0,0.47109,2017,patti cake$,patti cake$,2017.0,"Drama,Music",Drama
62,2011-07-29,The Future,1000000.0,568662.0,1239174.0,239174.0,0.239174,2011,the future,the future,2011.0,"Drama,Fantasy,Romance",Drama
64,2014-10-24,23 Blast,1000000.0,549185.0,549185.0,-450815.0,-0.450815,2014,23 blast,23 blast,2014.0,"Drama,Family,Sport",Drama
70,2014-07-18,I Origins,1000000.0,336472.0,852399.0,-147601.0,-0.147601,2014,i origins,i origins,2014.0,"Drama,Romance,Sci-Fi",Drama
81,2012-06-01,Hardflip,1000000.0,96734.0,96734.0,-903266.0,-0.903266,2012,hardflip,hardflip,2012.0,"Action,Drama",Action
92,2014-10-17,Camp X-Ray,1000000.0,9837.0,101053.0,-898947.0,-0.898947,2014,camp x-ray,camp x-ray,2014.0,"Drama,War",Drama
100,2013-12-31,Heli,1000000.0,0.0,552614.0,-447386.0,-0.447386,2013,heli,heli,2013.0,"Crime,Drama,Romance",Crime
1,2015-12-31,Karachi se Lahore,1000000.0,0.0,17721.0,-982279.0,-0.982279,2015,karachi se lahore,karachi se lahore,2015.0,"Adventure,Comedy,Family",Adventure
3,2015-12-11,American Hero,1000000.0,0.0,26.0,-999974.0,-0.999974,2015,american hero,american hero,2015.0,"Action,Comedy,Drama",Action
11,2012-03-20,Snow White: A Deadly Summer,1000000.0,0.0,0.0,-1000000.0,-1.0,2012,snow white a deadly summer,snow white a deadly summer,2012.0,Horror,Horror
12,2012-10-09,Truth or Die,1000000.0,0.0,0.0,-1000000.0,-1.0,2012,truth or die,truth or die,2012.0,"Horror,Mystery",Horror
14,2014-01-07,Hidden Away,1000000.0,0.0,0.0,-1000000.0,-1.0,2014,hidden away,hidden away,2014.0,"Drama,Romance",Drama
16,2013-10-08,Zombie Hunter,1000000.0,0.0,0.0,-1000000.0,-1.0,2013,zombie hunter,zombie hunter,2013.0,"Action,Comedy,Horror",Action
17,2014-12-31,Doc Holliday's Revenge,1000000.0,0.0,0.0,-1000000.0,-1.0,2014,doc holliday's revenge,doc holliday's revenge,2014.0,Western,Western
18,2014-06-24,A Fine Step,1000000.0,0.0,0.0,-1000000.0,-1.0,2014,a fine step,a fine step,2014.0,Drama,Drama
21,2014-12-31,Bang Bang Baby,1000000.0,0.0,0.0,-1000000.0,-1.0,2014,bang bang baby,bang bang baby,2014.0,"Drama,Fantasy,Musical",Drama
22,2016-04-08,Hush,1000000.0,0.0,0.0,-1000000.0,-1.0,2016,hush,hush,2016.0,"Horror,Thriller",Horror
22,2016-04-08,Hush,1000000.0,0.0,0.0,-1000000.0,-1.0,2016,hush,hush,2016.0,"Documentary,Drama,Reality-TV",Documentary
25,2016-12-31,Chemical Cut,1000000.0,0.0,0.0,-1000000.0,-1.0,2016,chemical cut,chemical cut,2016.0,Drama,Drama
36,2014-11-21,Food Chains,913000.0,0.0,176.0,-912824.0,-0.9998072289156626,2014,food chains,food chains,2014.0,Documentary,Documentary
38,2013-07-12,Fruitvale Station,900000.0,16098998.0,17549645.0,16649645.0,18.499605555555554,2013,fruitvale station,fruitvale station,2013.0,"Biography,Drama,Romance",Biography
39,2016-04-01,Meet the Blacks,900000.0,9097072.0,9097072.0,8197072.0,9.107857777777777,2016,meet the blacks,meet the blacks,2016.0,"Comedy,Horror",Comedy
41,2011-08-26,Circumstance,900000.0,454121.0,958978.0,58978.0,0.06553111111111111,2011,circumstance,circumstance,2011.0,Drama,Drama
43,2012-04-27,The Giant Mechanical Man,900000.0,7396.0,7396.0,-892604.0,-0.9917822222222222,2012,the giant mechanical man,the giant mechanical man,2012.0,"Comedy,Drama,Romance",Comedy
45,2014-12-31,40 Weeks,900000.0,0.0,0.0,-900000.0,-1.0,2014,40 weeks,40 weeks,2014.0,Documentary,Documentary
51,2015-08-28,Windsor Drive,850000.0,3256.0,3256.0,-846744.0,-0.9961694117647059,2015,windsor drive,windsor drive,2015.0,"Mystery,Thriller",Mystery
69,2014-09-19,Not Cool,800000.0,35688.0,35688.0,-764312.0,-0.95539,2014,not cool,not cool,2014.0,"Comedy,Drama,Romance",Comedy
75,2011-09-09,Kevin Hart: Laugh at My Pain,750000.0,7706436.0,7712436.0,6962436.0,9.283248,2011,kevin hart laugh at my pain,kevin hart laugh at my pain,2011.0,"Comedy,Documentary",Comedy
77,2012-06-08,Safety Not Guaranteed,750000.0,4010957.0,4422318.0,3672318.0,4.896424,2012,safety not guaranteed,safety not guaranteed,2012.0,"Comedy,Drama,Romance",Comedy
84,2014-12-31,Destiny,750000.0,0.0,450.0,-749550.0,-0.9994,2014,destiny,destiny,2014.0,"Adventure,Comedy,Family",Adventure
84,2014-12-31,Destiny,750000.0,0.0,450.0,-749550.0,-0.9994,2014,destiny,destiny,2014.0,"Drama,Music,Romance",Drama
93,2017-08-04,Columbus,700000.0,1017107.0,1110511.0,410511.0,0.5864442857142858,2017,columbus,columbus,2017.0,Drama,Drama
96,2015-03-13,Walter,700000.0,0.0,0.0,-700000.0,-1.0,2015,walter,walter,2015.0,"Comedy,Drama",Comedy
100,2013-10-11,Escape from Tomorrow,650000.0,171962.0,171962.0,-478038.0,-0.735443076923077,2013,escape from tomorrow,escape from tomorrow,2013.0,"Drama,Fantasy,Horror",Drama
2,2012-12-31,After,650000.0,0.0,0.0,-650000.0,-1.0,2012,after,after,2012.0,"Drama,Fantasy,Mystery",Drama
2,2012-12-31,After,650000.0,0.0,0.0,-650000.0,-1.0,2012,after,after,2012.0,Romance,Romance
3,2014-12-31,The Hadza: Last of the First,650000.0,0.0,0.0,-650000.0,-1.0,2014,the hadza last of the first,the hadza last of the first,2014.0,Documentary,Documentary
5,2013-12-31,Treachery,625000.0,0.0,0.0,-625000.0,-1.0,2013,treachery,treachery,2013.0,"Drama,Thriller",Drama
5,2013-12-31,Treachery,625000.0,0.0,0.0,-625000.0,-1.0,2013,treachery,treachery,2013.0,Drama,Drama
15,2015-05-22,Drunk Wedding,600000.0,3301.0,3301.0,-596699.0,-0.9944983333333334,2015,drunk wedding,drunk wedding,2015.0,Comedy,Comedy
19,2014-12-31,Light from the Darkroom,600000.0,0.0,0.0,-600000.0,-1.0,2014,light from the darkroom,light from the darkroom,2014.0,"Action,Drama,Thriller",Action
20,2015-02-24,Irreplaceable,600000.0,0.0,0.0,-600000.0,-1.0,2015,irreplaceable,irreplaceable,2015.0,Drama,Drama
22,2011-07-29,The Harvest/La Cosecha,560000.0,3709.0,3709.0,-556291.0,-0.9933767857142857,2011,the harvest/la cosecha,the harvest/la cosecha,2011.0,Documentary,Documentary
23,2015-12-31,Julija in alfa Romeo,560000.0,0.0,8462.0,-551538.0,-0.9848892857142857,2015,julija in alfa romeo,julija in alfa romeo,2015.0,Comedy,Comedy
39,2011-07-08,Sholem Aleichem: Laughing in the Darkness,500000.0,1131261.0,1131261.0,631261.0,1.262522,2011,sholem aleichem laughing in the darkness,sholem aleichem laughing in the darkness,2011.0,Documentary,Documentary
45,2013-08-23,Drinking Buddies,500000.0,343706.0,407100.0,-92900.0,-0.1858,2013,drinking buddies,drinking buddies,2013.0,"Comedy,Drama,Romance",Comedy
50,2010-10-29,Monsters,500000.0,237301.0,5639730.0,5139730.0,10.27946,2010,monsters,monsters,2010.0,"Drama,Sci-Fi,Thriller",Drama
53,2012-09-28,The Other Dream Team,500000.0,134109.0,314444.0,-185556.0,-0.371112,2012,the other dream team,the other dream team,2012.0,"Documentary,Sport",Documentary
65,2014-09-10,Born to Fly: Elizabeth Streb vs. Gravity,500000.0,1822.0,1822.0,-498178.0,-0.996356,2014,born to fly elizabeth streb vs. gravity,born to fly elizabeth streb vs. gravity,2014.0,"Action,Biography,Documentary",Action
67,2018-05-11,Higher Power,500000.0,528.0,528.0,-499472.0,-0.998944,2018,higher power,higher power,2018.0,"Action,Sci-Fi,Thriller",Action
72,2010-12-31,Drones,500000.0,0.0,0.0,-500000.0,-1.0,2010,drones,drones,2010.0,Comedy,Comedy
74,2012-07-17,Girls Gone Dead,500000.0,0.0,0.0,-500000.0,-1.0,2012,girls gone dead,girls gone dead,2012.0,"Comedy,Horror",Comedy
78,2015-03-10,Subconscious,500000.0,0.0,0.0,-500000.0,-1.0,2015,subconscious,subconscious,2015.0,"Action,Mystery,Thriller",Action
86,2015-06-23,Crossroads,500000.0,0.0,0.0,-500000.0,-1.0,2015,crossroads,crossroads,2015.0,"Action,Crime,Drama",Action
89,2014-12-31,The Sound and the Shadow,500000.0,0.0,0.0,-500000.0,-1.0,2014,the sound and the shadow,the sound and the shadow,2014.0,"Comedy,Mystery,Thriller",Comedy
100,2014-07-11,As It Is in Heaven,450000.0,13486.0,13486.0,-436514.0,-0.9700311111111111,2014,as it is in heaven,as it is in heaven,2014.0,Drama,Drama
14,2010-10-15,I Want Your Money,400000.0,433588.0,433588.0,33588.0,0.08397,2010,i want your money,i want your money,2010.0,Documentary,Documentary
23,2014-12-31,Pancakes,400000.0,0.0,0.0,-400000.0,-1.0,2014,pancakes,pancakes,2014.0,Drama,Drama
35,2015-10-20,Rotor DR1,350000.0,0.0,0.0,-350000.0,-1.0,2015,rotor dr1,rotor dr1,2015.0,"Family,Sci-Fi",Family
57,2014-03-28,Locker 13,300000.0,3496.0,3496.0,-296504.0,-0.9883466666666667,2014,locker 13,locker 13,2014.0,Thriller,Thriller
58,2015-10-23,The Looking Glass,300000.0,1711.0,1711.0,-298289.0,-0.9942966666666667,2015,the looking glass,the looking glass,2015.0,"Drama,Music",Drama
59,2014-10-31,All You Need Is Love,300000.0,0.0,3565259.0,3265259.0,10.884196666666666,2014,all you need is love,all you need is love,2014.0,Documentary,Documentary
63,2015-03-10,Teeth and Blood,300000.0,0.0,0.0,-300000.0,-1.0,2015,teeth and blood,teeth and blood,2015.0,"Action,Horror",Action
65,2010-12-31,Anderson's Cross,300000.0,0.0,0.0,-300000.0,-1.0,2010,anderson's cross,anderson's cross,2010.0,"Comedy,Drama,Romance",Comedy
67,2010-12-31,Death Calls,290000.0,0.0,0.0,-290000.0,-1.0,2010,death calls,death calls,2010.0,"Action,Adventure,Mystery",Action
68,2012-08-17,Compliance,270000.0,319285.0,830700.0,560700.0,2.0766666666666667,2012,compliance,compliance,2012.0,"Biography,Crime,Drama",Biography
74,2011-10-28,Like Crazy,250000.0,3395391.0,3728400.0,3478400.0,13.9136,2011,like crazy,like crazy,2011.0,"Drama,Romance",Drama
84,2013-08-02,The Canyons,250000.0,59671.0,62375.0,-187625.0,-0.7505,2013,the canyons,the canyons,2013.0,"Drama,Thriller",Drama
88,2014-08-15,Nightlights,250000.0,21147.0,21147.0,-228853.0,-0.915412,2014,nightlights,nightlights,2014.0,Drama,Drama
89,2014-06-06,Test,250000.0,18823.0,18823.0,-231177.0,-0.924708,2014,test,test,2014.0,Drama,Drama
93,2010-10-05,Rust,250000.0,0.0,0.0,-250000.0,-1.0,2010,rust,rust,2010.0,Drama,Drama
94,2010-12-31,The Christmas Bunny,250000.0,0.0,0.0,-250000.0,-1.0,2010,the christmas bunny,the christmas bunny,2010.0,"Drama,Family",Drama
96,2012-12-18,The Frozen,250000.0,0.0,0.0,-250000.0,-1.0,2012,the frozen,the frozen,2012.0,"Drama,Thriller",Drama
98,2010-12-31,Butterfly,250000.0,0.0,0.0,-250000.0,-1.0,2010,butterfly,butterfly,2010.0,"Horror,Thriller",Horror
3,2015-12-31,Shooting the Warwicks,250000.0,0.0,0.0,-250000.0,-1.0,2015,shooting the warwicks,shooting the warwicks,2015.0,"Comedy,Drama",Comedy
5,2015-10-09,Western Religion,250000.0,0.0,0.0,-250000.0,-1.0,2015,western religion,western religion,2015.0,"Adventure,Drama,Fantasy",Adventure
10,2012-07-20,Burn,225000.0,1109276.0,1109276.0,884276.0,3.9301155555555556,2012,burn,burn,2012.0,Documentary,Documentary
21,2015-06-19,The Overnight,200000.0,1109808.0,1165996.0,965996.0,4.82998,2015,the overnight,the overnight,2015.0,"Comedy,Mystery",Comedy
23,2012-10-12,Middle of Nowhere,200000.0,236806.0,236806.0,36806.0,0.18403,2012,middle of nowhere,middle of nowhere,2012.0,Drama,Drama
33,2014-03-14,The Word,200000.0,3648.0,3648.0,-196352.0,-0.98176,2014,the word,the word,2014.0,"Drama,Thriller",Drama
42,2014-12-31,H.,200000.0,0.0,0.0,-200000.0,-1.0,2014,h.,h.,2014.0,"Drama,Sci-Fi,Thriller",Drama
43,2011-09-23,Weekend,190000.0,484592.0,1577585.0,1387585.0,7.303078947368421,2011,weekend,weekend,2011.0,"Drama,Romance",Drama
43,2011-09-23,Weekend,190000.0,484592.0,1577585.0,1387585.0,7.303078947368421,2011,weekend,weekend,2011.0,"Action,Comedy,Crime",Action
43,2011-09-23,Weekend,190000.0,484592.0,1577585.0,1387585.0,7.303078947368421,2011,weekend,weekend,2011.0,"Comedy,Drama",Comedy
48,2011-07-22,Another Earth,175000.0,1321194.0,2102779.0,1927779.0,11.01588,2011,another earth,another earth,2011.0,"Drama,Romance,Sci-Fi",Drama
50,2015-09-04,Heroes of Dirt,175000.0,0.0,0.0,-175000.0,-1.0,2015,heroes of dirt,heroes of dirt,2015.0,"Action,Drama,Sport",Action
62,2013-12-31,Speak No Evil,150000.0,0.0,32927.0,-117073.0,-0.7804866666666667,2013,speak no evil,speak no evil,2013.0,Horror,Horror
64,2013-05-03,Aroused,150000.0,0.0,0.0,-150000.0,-1.0,2013,aroused,aroused,2013.0,Documentary,Documentary
70,2014-07-18,An American in Hollywood,125000.0,0.0,0.0,-125000.0,-1.0,2014,an american in hollywood,an american in hollywood,2014.0,Drama,Drama
72,2015-12-31,Romantic Schemer,125000.0,0.0,0.0,-125000.0,-1.0,2015,romantic schemer,romantic schemer,2015.0,Romance,Romance
80,2015-07-10,The Gallows,100000.0,22764410.0,41656474.0,41556474.0,415.56474,2015,the gallows,the gallows,2015.0,"Horror,Mystery,Thriller",Horror
86,2017-07-07,A Ghost Story,100000.0,1594798.0,2769782.0,2669782.0,26.69782,2017,a ghost story,a ghost story,2017.0,"Drama,Fantasy,Romance",Drama
90,2014-06-19,The Past is a Grotesque Animal,100000.0,20056.0,20056.0,-79944.0,-0.79944,2014,the past is a grotesque animal,the past is a grotesque animal,2014.0,"Biography,Documentary,Music",Biography
92,2012-05-18,Indie Game: The Movie,100000.0,0.0,0.0,-100000.0,-1.0,2012,indie game the movie,indie game the movie,2012.0,"Documentary,Drama",Documentary
95,2015-03-17,Closure,100000.0,0.0,0.0,-100000.0,-1.0,2015,closure,closure,2015.0,Drama,Drama
3,2015-09-29,Queen Crab,75000.0,0.0,0.0,-75000.0,-1.0,2015,queen crab,queen crab,2015.0,"Action,Sci-Fi,Thriller",Action
4,2014-07-25,Happy Christmas,70000.0,30312.0,30312.0,-39688.0,-0.5669714285714286,2014,happy christmas,happy christmas,2014.0,"Comedy,Drama",Comedy
6,2011-12-31,Absentia,70000.0,0.0,8555.0,-61445.0,-0.8777857142857143,2011,absentia,absentia,2011.0,"Drama,Horror,Mystery",Drama
6,2011-12-31,Absentia,70000.0,0.0,8555.0,-61445.0,-0.8777857142857143,2011,absentia,absentia,2011.0,Sci-Fi,Sci-Fi
13,2012-12-31,Hayride,60000.0,0.0,0.0,-60000.0,-1.0,2012,hayride,hayride,2012.0,"Crime,Drama,Horror",Crime
15,2013-10-04,The Dirties,55000.0,0.0,0.0,-55000.0,-1.0,2013,the dirties,the dirties,2013.0,"Crime,Drama",Crime
18,2010-11-12,Tiny Furniture,50000.0,391674.0,424149.0,374149.0,7.48298,2010,tiny furniture,tiny furniture,2010.0,"Comedy,Drama,Romance",Comedy
20,2015-07-31,Counting,50000.0,8374.0,8374.0,-41626.0,-0.83252,2015,counting,counting,2015.0,Documentary,Documentary
26,2014-12-31,The Image Revolution,50000.0,0.0,0.0,-50000.0,-1.0,2014,the image revolution,the image revolution,2014.0,"Biography,Documentary",Biography
27,2013-10-25,A True Story,45000.0,0.0,0.0,-45000.0,-1.0,2013,a true story,a true story,2013.0,Comedy,Comedy
29,2013-06-21,This Is Martin Bonner,42000.0,0.0,0.0,-42000.0,-1.0,2013,this is martin bonner,this is martin bonner,2013.0,Drama,Drama
32,2011-02-11,Raymond Did It,40000.0,3632.0,3632.0,-36368.0,-0.9092,2011,raymond did it,raymond did it,2011.0,Horror,Horror
33,2012-03-31,Foreign Letters,40000.0,0.0,0.0,-40000.0,-1.0,2012,foreign letters,foreign letters,2012.0,"Comedy,Drama",Comedy
35,2013-10-25,Her Cry: La Llorona Investigation,35000.0,0.0,0.0,-35000.0,-1.0,2013,her cry la llorona investigation,her cry la llorona investigation,2013.0,Horror,Horror
42,2013-12-31,Paraphobia,30000.0,0.0,0.0,-30000.0,-1.0,2013,paraphobia,paraphobia,2013.0,"Comedy,Horror,Thriller",Comedy
45,2017-01-27,Emily,27000.0,3547.0,3547.0,-23453.0,-0.8686296296296296,2017,emily,emily,2017.0,Drama,Drama
49,2015-09-01,Exeter,25000.0,0.0,489792.0,464792.0,18.59168,2015,exeter,exeter,2015.0,"Horror,Mystery,Thriller",Horror
52,2015-12-01,Dutch Kills,25000.0,0.0,0.0,-25000.0,-1.0,2015,dutch kills,dutch kills,2015.0,"Crime,Drama,Thriller",Crime
59,2011-11-25,The Ridges,17300.0,0.0,0.0,-17300.0,-1.0,2011,the ridges,the ridges,2011.0,"Drama,Horror,Thriller",Drama
62,2014-12-31,Stories of Our Lives,15000.0,0.0,0.0,-15000.0,-1.0,2014,stories of our lives,stories of our lives,2014.0,Drama,Drama
